codigo_mao_de_obra,operacao,descricao,unidade,ups,ativo,tipo,raw_line,created_at
10521,INSTALAR,SERV INSPECAO EM REDE RURAL LM,POSTE,0.34,true,LM,,2025-11-28 12:30:23.852494+00
10996,INSTALAR,SUBST BRACO ANTI-BAL REDE COMPACTA LV,PEÇ,0.32,true,LV,,2025-11-28 12:30:23.852494+00
10996,RETIRAR,SUBST BRACO ANTI-BAL REDE COMPACTA LV,PEÇ,0.13,true,LV,,2025-11-28 12:30:23.852494+00
26376,INSTALAR,SERV. EMERG. FORA DO HORARIO COMERCIAL-ADICIONAL 30%,UNID.,,true,LM,,2025-11-28 12:30:23.852494+00
26376,INSTALAR,SERV. EMERG. FORA DO HORARIO COMERCIAL-ADICIONAL 30%,UNID.,,true,LV,,2025-11-28 12:30:23.852494+00
4595,INSTALAR,ALTERAÇÃO DE US - ITEM A SER UTILIZADO PARA PAGAMENTO DA DIFERENÇA NA MEDIÇÃO DE MÃO DE OBRA QUANDO HOUVER AJUSTE NO VALOR DA US.,UNID.,,true,LM,,2025-11-28 12:30:23.852494+00
4595,INSTALAR,ALTERAÇÃO DE US - ITEM A SER UTILIZADO PARA PAGAMENTO DA DIFERENÇA NA MEDIÇÃO DE MÃO DE OBRA QUANDO HOUVER AJUSTE NO VALOR DA US.,UNID.,,true,LV,,2025-11-28 12:30:23.852494+00
60163,INSTALAR,VISITA IMPRODUTIVA - SEM ATUAÇÃO,UNID.,,true,LM,,2025-11-28 12:30:23.852494+00
60163,INSTALAR,VISITA IMPRODUTIVA - SEM ATUAÇÃO,UNID.,,true,LV,,2025-11-28 12:30:23.852494+00
6042,RETIRAR,"DESAT CHAVE FUSIVEL < 34,5 KV LM",UN,0.3,true,LM,,2025-11-28 12:30:23.852494+00
6043,RETIRAR,"DESAT CHAVE FUSIVEL => 34,5 KV LM",UN,0.3,true,LM,,2025-11-28 12:30:23.852494+00
6046,RETIRAR,"DESAT CHAVE FUSIVEL 3 OP < 34,5 KV",CJ,0.4,true,LM,,2025-11-28 12:30:23.852494+00
6047,RETIRAR,"DESAT CHAVE FUSIVEL 3 OP => 34,5 KV",CJ,0.4,true,LM,,2025-11-28 12:30:23.852494+00
6055,RETIRAR,"DESAT PARA-RAIOS RD < 34,5 KV LM",UN,0.3,true,LM,,2025-11-28 12:30:23.852494+00
6056,RETIRAR,DESAT TRANSF DIST AEREO MONOFASICO LM,UN,2,true,LM,,2025-11-28 12:30:23.852494+00
6061,RETIRAR,DESAT TRANSF DISTRIBUIC AEREO 3F LM,UN,3,true,LM,,2025-11-28 12:30:23.852494+00
6062,RETIRAR,DESATIVAR CHAVE SECC FACA => 15 KV LM,UN,0.3,true,LM,,2025-11-28 12:30:23.852494+00
6069,INSTALAR,INST CH SECC S/LAM TER MONO MAN <69KV,UN,1,true,LM,,2025-11-28 12:30:23.852494+00
6071,INSTALAR,"INST CHAVE FUSIVEL < 34,5 KV LM",UN,1,true,LM,,2025-11-28 12:30:23.852494+00
6072,INSTALAR,"INST CHAVE FUSIVEL => 34,5KV LM",UN,1,true,LM,,2025-11-28 12:30:23.852494+00
6073,INSTALAR,"INST CHAVE FUSIVEL 3 OP < 34,5 KV",CJ,1.3,true,LM,,2025-11-28 12:30:23.852494+00
6074,INSTALAR,"INST CHAVE FUSIVEL 3 OP => 34,5 KV",CJ,1.3,true,LM,,2025-11-28 12:30:23.852494+00
6082,INSTALAR,"INST PARA-RAIOS RD < 34,5 KV LM",UN,1,true,LM,,2025-11-28 12:30:23.852494+00
6083,INSTALAR,"INST PARA-RAIOS RD => 34,5 KV LM",UN,1,true,LM,,2025-11-28 12:30:23.852494+00
6092,INSTALAR,INST TRANSF DISTRIBUIC AEREO MONO LM,UN,8,true,LM,,2025-11-28 12:30:23.852494+00
6093,INSTALAR,INST TRANSF DISTRIBUIC AEREO TRIF LM,UN,11,true,LM,,2025-11-28 12:30:23.852494+00
6102,INSTALAR,"SUBST PARA-RAIO RD <34,5KV LV",PEÇ,0.37,true,LV,,2025-11-28 12:30:23.852494+00
6102,RETIRAR,"SUBST PARA-RAIO RD <34,5KV LV",PEÇ,0.16,true,LV,,2025-11-28 12:30:23.852494+00
6128,INSTALAR,LIMP FAIXA CERRADO E CAPOEIRA,HEC,16.13,true,LM,,2025-11-28 12:30:23.852494+00
6129,INSTALAR,LIMP FAIXA VEGETACAO DENSA,HEC,22,true,LM,,2025-11-28 12:30:23.852494+00
6133,INSTALAR,DISP H-MAQ P/EXEC SERV LM,HORA,10.18,true,LM,,2025-11-28 12:30:23.852494+00
6137,INSTALAR,LIMP FAIXA SERVIDAO MECANIZADA,HEC,28.82,true,LM,,2025-11-28 12:30:23.852494+00
6151,INSTALAR,DESLOC EQUIP PESADA ACIMA 50 KM DA BASE,KM,0.06,true,LM,,2025-11-28 12:30:23.852494+00
6151,INSTALAR,DESLOC EQUIP PESADA ACIMA 50 KM DA BASE,KM,0.06,true,LV,,2025-11-28 12:30:23.852494+00
6155,INSTALAR,SERV OFIC PODAR ARVORE RURAL LM,UN,0.7,true,LM,,2025-11-28 12:30:23.852494+00
6156,INSTALAR,PODAR ARV GRANDE LM,UN,0.7,true,LM,,2025-11-28 12:30:23.852494+00
6169,INSTALAR,LIMP FAIXA CAMPO-10M LARGURA,HEC,11,true,LM,,2025-11-28 12:30:23.852494+00
6170,INSTALAR,OPER CHAVE FACA AB E FC EMERG LM,UN,0.5,true,LM,,2025-11-28 12:30:23.852494+00
6171,INSTALAR,OPER CHAVE FUS AB E FC EMERG LM,UN,0.5,true,LM,,2025-11-28 12:30:23.852494+00
6181,INSTALAR,SERVIÇO EXCLUSIVO DE PODA DE ARVORE URB/RUR  C/RECOLHA,UN,0.73,true,LM,,2025-11-28 12:30:23.852494+00
6182,INSTALAR,SERVIÇO EXCLUSIVO DE PODA DE ARVORE URB/RUR  S/RECOLHA,UN,0.5,true,LM,,2025-11-28 12:30:23.852494+00
6195,INSTALAR,INST MED MEDIA TENSAO CONJ TCS E TPS,CJ,11,true,LM,,2025-11-28 12:30:23.852494+00
6196,INSTALAR,INST PADR ENERG TRIF T5/T6/T7-INDIR LM,UN,16,true,LM,,2025-11-28 12:30:23.852494+00
6210,INSTALAR,EFET RECUPER CX CP REDE LM,UN,0.08,true,LM,,2025-11-28 12:30:23.852494+00
6212,RETIRAR,DESAT MED EM CAIXA CP-REDE BIFASICO LM,UN,0.85,true,LM,,2025-11-28 12:30:23.852494+00
6213,RETIRAR,DESAT MED EM CAIXA CP-REDE TRIFASICO LM,UN,1.25,true,LM,,2025-11-28 12:30:23.852494+00
6216,INSTALAR,INS RAMAL ENTR C/ELETR CX CP RD LM,UN,1.2,true,LM,,2025-11-28 12:30:23.852494+00
6217,RETIRAR,DESAT MED EM CAIXA CP-TRAFO LM,UN,1.1,true,LM,,2025-11-28 12:30:23.852494+00
6220,INSTALAR,INST CAIXA MED CPREDE 1 MEDID ELETROM LM,UN,1.5,true,LM,,2025-11-28 12:30:23.852494+00
6221,INSTALAR,INST CAIXA MED CP-REDE CONEX/RAMAIS LM,UN,3.55,true,LM,,2025-11-28 12:30:23.852494+00
6223,INSTALAR,CODIF EQUIP DISTRIBUICAO LM,UN,0.1,true,LM,,2025-11-28 12:30:23.852494+00
6224,INSTALAR,ABRIR CAVA EM TERRA NORMAL,UN,1.5,true,LM,,2025-11-28 12:30:23.852494+00
6225,INSTALAR,CONFECC BASE CONC SIMPLES,UN,14,true,LM,,2025-11-28 12:30:23.852494+00
6226,RETIRAR,DESAT CX MED CP-REDE CONEX RAMAI UC LM,UN,2.33,true,LM,,2025-11-28 12:30:23.852494+00
6227,RETIRAR,DESAT CX MED CP-REDE P/ 3 OU 4 MEDID LM,UN,2,true,LM,,2025-11-28 12:30:23.852494+00
6228,RETIRAR,DESAT CX MED CP-REDE P/1 MEDIDOR LM,UN,1,true,LM,,2025-11-28 12:30:23.852494+00
6229,RETIRAR,DESAT CX MED CP-REDE P/6 OU 8 MEDID LM,UN,4,true,LM,,2025-11-28 12:30:23.852494+00
6230,RETIRAR,DESAT POSTE ATE 13 <69KV GUIND LM,UN,3,true,LM,,2025-11-28 12:30:23.852494+00
6233,INSTALAR,INST CINTA CX CP REDE PST LM,UN,0.5,true,LM,,2025-11-28 12:30:23.852494+00
6234,INSTALAR,INST CONEC RD PRIM LM,UN,0.2,true,LM,,2025-11-28 12:30:23.852494+00
6235,INSTALAR,INST CONEC RD SEC LM,UN,0.1,true,LM,,2025-11-28 12:30:23.852494+00
6239,INSTALAR,INST MED EM CAIXA CP-TRAFO LM,UN,2.5,true,LM,,2025-11-28 12:30:23.852494+00
6240,INSTALAR,INST PADR ENERG MONOFASICO LM,UN,2,true,LM,,2025-11-28 12:30:23.852494+00
6241,INSTALAR,INST ATER POR HASTE LM,UN,0.5,true,LM,,2025-11-28 12:30:23.852494+00
6242,INSTALAR,INST PADR ENERG TRIFASICO LM,UN,2,true,LM,,2025-11-28 12:30:23.852494+00
6243,INSTALAR,INST POSTE ATE 13M <69KV GUIN LM,UN,3,true,LM,,2025-11-28 12:30:23.852494+00
6244,INSTALAR,INST ESTRIBO REDE MT LM,UN,0.2,true,LM,,2025-11-28 12:30:23.852494+00
6245,INSTALAR,REMAN PST C/USO GUIND LM,UN,4.2,true,LM,,2025-11-28 12:30:23.852494+00
6245,RETIRAR,REMAN PST C/USO GUIND LM,UN,1.8,true,LM,,2025-11-28 12:30:23.852494+00
6246,INSTALAR,NIVELAR COND RAMAL SERV LM,UN,0.5,true,LM,,2025-11-28 12:30:23.852494+00
6247,INSTALAR,EST  ILUM INST LUMIN SIMPLES LM,UN,2.5,true,LM,,2025-11-28 12:30:23.852494+00
6249,RETIRAR,DESAT MED EM CAIXA CP-REDE MONOFAS LM,UN,0.7,true,LM,,2025-11-28 12:30:23.852494+00
6250,INSTALAR,INST RAMAL SERVICO MONOFASICO LM,UN,0.5,true,LM,,2025-11-28 12:30:23.852494+00
6252,INSTALAR,SERV AB/FEC VAL ATER EM TERRA,M.LINEAR,0.18,true,LM,,2025-11-28 12:30:23.852494+00
6253,INSTALAR,INST RAMAL SERVICO BIFASICO LM,UN,0.5,true,LM,,2025-11-28 12:30:23.852494+00
6254,INSTALAR,INST RAMAL SERVICO TRIFASICO LM,UN,0.5,true,LM,,2025-11-28 12:30:23.852494+00
6255,INSTALAR,EFET MAN CX CP REDE LM,UN,1.3,true,LM,,2025-11-28 12:30:23.852494+00
6280,RETIRAR,DESAT CRUZETA SIMPLES LM,UN,1,true,LM,,2025-11-28 12:30:23.852494+00
6281,RETIRAR,DESAT ESTAI ANCORA CHUMBADO ROCHA LM,UN,1,true,LM,,2025-11-28 12:30:23.852494+00
6284,RETIRAR,DESAT EST PRIM N3/N3-E/M3/B3/B3-E LM,UN,2,true,LM,,2025-11-28 12:30:23.852494+00
6285,RETIRAR,DESAT EST PRIM N3-2/M3-2/N2-3/M2-3 LM,UN,2,true,LM,,2025-11-28 12:30:23.852494+00
6286,RETIRAR,DESAT EST PRIM N3-N3/M3-M3 LM,UN,2,true,LM,,2025-11-28 12:30:23.852494+00
6287,RETIRAR,DESAT EST PRI N4/N4E/M4/B4/B4E C/CHAV LM,UN,2,true,LM,,2025-11-28 12:30:23.852494+00
6288,RETIRAR,RET OBJ ESTRANHO REDE LM,VAO,0.3,true,LM,,2025-11-28 12:30:23.852494+00
6289,RETIRAR,DESAT POSTE ACIMA 13 LM,UN,4.5,true,LM,,2025-11-28 12:30:23.852494+00
6290,RETIRAR,DESAT REGUL NA REDE MT LM,UN,3,true,LM,,2025-11-28 12:30:23.852494+00
6291,RETIRAR,DESAT RELIGADOR NA REDE MT LM,UN,3,true,LM,,2025-11-28 12:30:23.852494+00
6294,INSTALAR,ABER-FECH VALETA RECOM PISO CALCADA LM,M.LINEAR,0.5,true,LM,,2025-11-28 12:30:23.852494+00
6295,INSTALAR,REEMB ATEST ALINH POR PST LM,UN,0.1,true,LM,,2025-11-28 12:30:23.852494+00
6296,RETIRAR,DESAT RAMAL SERVICO BIFASICO LM,UN,0.2,true,LM,,2025-11-28 12:30:23.852494+00
6297,RETIRAR,DESAT RAMAL SERVICO MONOFASICO LM,UN,0.2,true,LM,,2025-11-28 12:30:23.852494+00
6298,RETIRAR,DESAT RAMAL SERVICO TRIFASICO LM,UN,0.2,true,LM,,2025-11-28 12:30:23.852494+00
6299,INSTALAR,INSPEC POST TRAN RUR LM,UN,0.9,true,LM,,2025-11-28 12:30:23.852494+00
6309,INSTALAR,"INST PARA-RAIOS RD <34,5 KV LM",UN,1,true,LM,,2025-11-28 12:30:23.852494+00
6311,INSTALAR,INST ISOLADOR DISCO LM,UN,0.5,true,LM,,2025-11-28 12:30:23.852494+00
6315,INSTALAR,INST SERV TEC COM BALANC CARGA REDE BT,CONS,0.5,true,LM,,2025-11-28 12:30:23.852494+00
6316,INSTALAR,CONFECC BASE CONC TOTAL / SOLO CIMENTO,UN,2.5,true,LM,,2025-11-28 12:30:23.852494+00
6317,INSTALAR,DISTR PST RUR LM,UN,3,true,LM,,2025-11-28 12:30:23.852494+00
6318,INSTALAR,EMEND COND PRIM PROTEG LM,UN,1,true,LM,,2025-11-28 12:30:23.852494+00
6319,INSTALAR,INST EMENDA COND PRIM/SEC NU LM,UN,0.6,true,LM,,2025-11-28 12:30:23.852494+00
6322,INSTALAR,INST BANCO CAPACITOR 900KVAR LM,CJ,12.48,true,LM,,2025-11-28 12:30:23.852494+00
6325,INSTALAR,INST ESTRUTURA PRIM HS LM,UN,5,true,LM,,2025-11-28 12:30:23.852494+00
6327,INSTALAR,INST ESTR PRIM N3-N3/M3-M3 LM,UN,5,true,LM,,2025-11-28 12:30:23.852494+00
6329,INSTALAR,INST POSTO TRANSF ESTRUT MT1 LM,UN,22,true,LM,,2025-11-28 12:30:23.852494+00
6330,INSTALAR,INST POSTO TRANSF ESTRUT MT2 LM,UN,25,true,LM,,2025-11-28 12:30:23.852494+00
6332,INSTALAR,INST SAPATA PANTANO COM MANILHA,UN,15,true,LM,,2025-11-28 12:30:23.852494+00
6333,INSTALAR,LANCAR COND ELETR SUBTER LM,M.LINEAR,0.05,true,LM,,2025-11-28 12:30:23.852494+00
6335,INSTALAR,PINTAR Nº PATR EQU INST LM,UN,0.5,true,LM,,2025-11-28 12:30:23.852494+00
6336,INSTALAR,REINST POSTE ACIMA DE 13M LM,UN,4.42,true,LM,,2025-11-28 12:30:23.852494+00
6336,RETIRAR,REINST POSTE ACIMA DE 13M LM,UN,1.89,true,LM,,2025-11-28 12:30:23.852494+00
6338,INSTALAR,"REINST POSTE DE 8,5 ATE 13M LM",UN,2.95,true,LM,,2025-11-28 12:30:23.852494+00
6338,RETIRAR,"REINST POSTE DE 8,5 ATE 13M LM",UN,1.26,true,LM,,2025-11-28 12:30:23.852494+00
6339,INSTALAR,REINST TRANSF DIST AEREO MONOFASICO LM,UN,5,true,LM,,2025-11-28 12:30:23.852494+00
6339,RETIRAR,REINST TRANSF DIST AEREO MONOFASICO LM,UN,2.14,true,LM,,2025-11-28 12:30:23.852494+00
6340,INSTALAR,REINST TRANSF DIST TRIFASICO LM,UN,6.87,true,LM,,2025-11-28 12:30:23.852494+00
6340,RETIRAR,REINST TRANSF DIST TRIFASICO LM,UN,2.95,true,LM,,2025-11-28 12:30:23.852494+00
6343,INSTALAR,SERV OFIC APRUMAR PST LM,UN,1,true,LM,,2025-11-28 12:30:23.852494+00
6344,INSTALAR,ABRIR CAVA ROCHA USO EXPLOS EQUIP LM,UN,14.2,true,LM,,2025-11-28 12:30:23.852494+00
6345,INSTALAR,ABRIR CAVA ROCHA SEM USO EXPLOSIVO LM,UN,4,true,LM,,2025-11-28 12:30:23.852494+00
6346,RETIRAR,DESAT EST PRIM N4/B4/T4 LM,UN,2,true,LM,,2025-11-28 12:30:23.852494+00
6347,RETIRAR,"DESAT EST PRIM P1,PT1,PTA1 LM",UN,0.9,true,LM,,2025-11-28 12:30:23.852494+00
6348,RETIRAR,DESAT EST PRIM P3 LM,UN,3,true,LM,,2025-11-28 12:30:23.852494+00
6349,RETIRAR,DESAT EST PRIM P4 LM,UN,3,true,LM,,2025-11-28 12:30:23.852494+00
6350,RETIRAR,DESAT EST PRIM U1/U2 LM,UN,0.3,true,LM,,2025-11-28 12:30:23.852494+00
6351,RETIRAR,DESAT CONECTOR NA REDE MT/BT LM,UN,0.1,true,LM,,2025-11-28 12:30:23.852494+00
6352,RETIRAR,DESAT CONECTOR NA BT LM,UN,0.1,true,LM,,2025-11-28 12:30:23.852494+00
6353,RETIRAR,DESAT EST PRIM U3/U4 LM,UN,1,true,LM,,2025-11-28 12:30:23.852494+00
6354,RETIRAR,DESAT EST SEC EM REDE CONVENCIONAL LM,UN,0.3,true,LM,,2025-11-28 12:30:23.852494+00
6355,RETIRAR,DESAT EST SEC EM REDE MULTIPLEXADA LM,UN,0.15,true,LM,,2025-11-28 12:30:23.852494+00
6356,RETIRAR,DESAT ESPAC RD BT LV,PEÇ,0.06,true,LV,,2025-11-28 12:30:23.852494+00
6357,RETIRAR,DESAT ESPAC RD BT LM,UN,0.05,true,LM,,2025-11-28 12:30:23.852494+00
6358,RETIRAR,DESAT ESPAC VERTL REDE MT COMP LM,UN,1,true,LM,,2025-11-28 12:30:23.852494+00
6359,RETIRAR,DESAT MAO FRANC LM,UN,0.2,true,LM,,2025-11-28 12:30:23.852494+00
6360,RETIRAR,DESAT BANCO CAPACITOR 600KVAR LM,UN,3,true,LM,,2025-11-28 12:30:23.852494+00
6361,RETIRAR,DESAT BANCO CAPACITOR 900KVAR LM,UN,3,true,LM,,2025-11-28 12:30:23.852494+00
6362,RETIRAR,DESAT CAPACITOR CELULA 50/100KVAR LM,UN,0.6,true,LM,,2025-11-28 12:30:23.852494+00
6363,RETIRAR,DESAT AFASTADOR 500MM LM,UN,0.05,true,LM,,2025-11-28 12:30:23.852494+00
6364,RETIRAR,DESAT ESPAC LOSANG 35A185MM² LM,UN,1,true,LM,,2025-11-28 12:30:23.852494+00
6365,RETIRAR,DESAT CRUZETA DUPLA LM,UN,1,true,LM,,2025-11-28 12:30:23.852494+00
6366,RETIRAR,DESAT EST PRIM CE-1/CE-1A/CE-2 LM,UN,0.5,true,LM,,2025-11-28 12:30:23.852494+00
6367,RETIRAR,SERV OFIC DESAT ESTAI POSTE-ESTRUT LM,UN,1,true,LM,,2025-11-28 12:30:23.852494+00
6368,RETIRAR,DESAT EST PRIM CE3/CE4 LM,UN,2,true,LM,,2025-11-28 12:30:23.852494+00
6369,RETIRAR,DESAT ISOLADOR CADEIA LM,UN,0.5,true,LM,,2025-11-28 12:30:23.852494+00
6370,RETIRAR,DESAT ISOLADOR PILAR LM,UN,0.5,true,LM,,2025-11-28 12:30:23.852494+00
6371,RETIRAR,DESAT ISOLADOR PINO FIM DE REDE LM,UN,0.5,true,LM,,2025-11-28 12:30:23.852494+00
6372,RETIRAR,DESAT ISOLADOR PINO TANGENTE LM,UN,0.5,true,LM,,2025-11-28 12:30:23.852494+00
6373,RETIRAR,DESAT EST PRIM HT LM,UN,6,true,LM,,2025-11-28 12:30:23.852494+00
6374,RETIRAR,DESAT ESTRUTURA PRIM N1/M1/B1 LM,UN,0.5,true,LM,,2025-11-28 12:30:23.852494+00
6375,RETIRAR,DESAT ESTRUTURA PRIM N2/M2/B2/B2-E LM,UN,0.5,true,LM,,2025-11-28 12:30:23.852494+00
6376,RETIRAR,DESAT EST PRIM N3/B3/T3 LM,UN,2,true,LM,,2025-11-28 12:30:23.852494+00
6377,INSTALAR,EFET LEVANTAM GEOREF RDR LM,KM,2.25,true,LM,,2025-11-28 12:30:23.852494+00
6378,INSTALAR,EFET LOCACAO PST AREA RUR LM,UN,1.5,true,LM,,2025-11-28 12:30:23.852494+00
6379,INSTALAR,ELAB PLANO CONTR AMB C/DES LM,KM,15,true,LM,,2025-11-28 12:30:23.852494+00
6380,INSTALAR,ELAB PLANO CONTR AMB S/DES LM,KM,13,true,LM,,2025-11-28 12:30:23.852494+00
6381,INSTALAR,EMEND CABO MENS REDE COMPACTA LM,UN,1,true,LM,,2025-11-28 12:30:23.852494+00
6382,INSTALAR,EMEND CABO MULTIP LM,UN,1,true,LM,,2025-11-28 12:30:23.852494+00
6383,INSTALAR,INST ESTR PRIM CE3/CE4 LM,UN,5,true,LM,,2025-11-28 12:30:23.852494+00
6384,INSTALAR,INST CABO AL NU >2/0CA/CAAAWG LM,KM,28,true,LM,,2025-11-28 12:30:23.852494+00
6385,INSTALAR,INST CABO AL NU  =<2/0CA/CAAAWG LM,KM,23,true,LM,,2025-11-28 12:30:23.852494+00
6386,INSTALAR,INST ESTR PRIM HT LM,UN,12,true,LM,,2025-11-28 12:30:23.852494+00
6387,INSTALAR,INST ESTRUTURA PRIM N1/M1/B1 LM,UN,2,true,LM,,2025-11-28 12:30:23.852494+00
6388,INSTALAR,INST ESTRUTURA PRIM N2/M2/B2/B2-E LM,UN,2,true,LM,,2025-11-28 12:30:23.852494+00
6389,INSTALAR,INST ESTR PRIM N3/B3/T3 LM,UN,5,true,LM,,2025-11-28 12:30:23.852494+00
6390,INSTALAR,INST REGULADOR TENSAO NA REDE MT LM,UN,11,true,LM,,2025-11-28 12:30:23.852494+00
6391,INSTALAR,INST ESTR PRIM N3-2/M3-2/N2-3/M2-3 LM,UN,5,true,LM,,2025-11-28 12:30:23.852494+00
6392,INSTALAR,INST ESTR PRIM N4/B4/T4 LM,UN,5,true,LM,,2025-11-28 12:30:23.852494+00
6393,INSTALAR,"INST ESTR PRIM P1,PT1,PTA1 LM",UN,2.4,true,LM,,2025-11-28 12:30:23.852494+00
6394,INSTALAR,INST ESTR PRIM P3 LM,UN,6,true,LM,,2025-11-28 12:30:23.852494+00
6395,INSTALAR,INST ESTR PRIM P4 LM,UN,6,true,LM,,2025-11-28 12:30:23.852494+00
6396,INSTALAR,INST BANCO CAPACITOR 300KVAR LM,CJ,11.28,true,LM,,2025-11-28 12:30:23.852494+00
6397,INSTALAR,INST BANCO CAPACITOR 600KVAR LM,CJ,11.88,true,LM,,2025-11-28 12:30:23.852494+00
6398,INSTALAR,INST CAPACITOR DE MT MONOPOLAR LM,UN,1,true,LM,,2025-11-28 12:30:23.852494+00
6399,INSTALAR,INST CB AL PROTEG =<95MM² LM,KM,46,true,LM,,2025-11-28 12:30:23.852494+00
6400,INSTALAR,INST ESTR PRIM U1/U2 LM,UN,0.8,true,LM,,2025-11-28 12:30:23.852494+00
6401,INSTALAR,INST ESTR PRIM U3/U4 LM,UN,2,true,LM,,2025-11-28 12:30:23.852494+00
6402,INSTALAR,INST EST SEC EM REDE CONVENCIONAL LM,UN,1,true,LM,,2025-11-28 12:30:23.852494+00
6403,INSTALAR,INST EST SEC EM REDE MULTIPLEXADA LM,UN,0.5,true,LM,,2025-11-28 12:30:23.852494+00
6405,INSTALAR,INST COBERTURA REDE MT/FASE LM,VAO,1.5,true,LM,,2025-11-28 12:30:23.852494+00
6408,INSTALAR,INST CRUZAMENTO AEREO MT FLY TAP  LM,UN,0.4,true,LM,,2025-11-28 12:30:23.852494+00
6409,INSTALAR,INST CRUZAMENTO AEREO BT FLY TAP LM,UN,0.2,true,LM,,2025-11-28 12:30:23.852494+00
6410,INSTALAR,SERV OFIC INST CRUZETA LM,UN,2,true,LM,,2025-11-28 12:30:23.852494+00
6411,INSTALAR,INST KIT INST ELET RES INT BAIX RENDA LM,UN,3.38,true,LM,,2025-11-28 12:30:23.852494+00
6412,INSTALAR,INSPEC ESTR RDR P/MANUT PREV LM,POSTE,0.28,true,LM,,2025-11-28 12:30:23.852494+00
6413,INSTALAR,INSPEC ESTR RDU P/MANUT PREV LM,POSTE,0.28,true,LM,,2025-11-28 12:30:23.852494+00
6414,INSTALAR,INSPEC LDR P/LOCALIZ DEF LM,KM,2.1,true,LM,,2025-11-28 12:30:23.852494+00
6415,INSTALAR,INSPEC RDU P/LOCALIZ DEF LM,KM,1.3,true,LM,,2025-11-28 12:30:23.852494+00
6416,INSTALAR,INST ESCORA SUBSOLO PST A IMPLANT-02 ESC,UN,1.5,true,LM,,2025-11-28 12:30:23.852494+00
6417,INSTALAR,INST ESCORA SUBSOLO PST EXISTENTE-02 ESC,UN,0.75,true,LM,,2025-11-28 12:30:23.852494+00
6418,INSTALAR,INST ESPACADOR REDE BT LM,UN,0.15,true,LM,,2025-11-28 12:30:23.852494+00
6419,INSTALAR,INST ESPAC REDE BT LV,PEÇ,0.2,true,LV,,2025-11-28 12:30:23.852494+00
6420,INSTALAR,INST MED PADRAO AREA RUR ELETROMECANICO,UN,0.5,true,LM,,2025-11-28 12:30:23.852494+00
6421,INSTALAR,INST ESTAI ANCORA CAVA SIMPLES LM,UN,5,true,LM,,2025-11-28 12:30:23.852494+00
6422,INSTALAR,INST ESTAI CRUZETA LM,UN,2.5,true,LM,,2025-11-28 12:30:23.852494+00
6423,INSTALAR,INST PADR ENERG BIFASICO LM,UN,2,true,LM,,2025-11-28 12:30:23.852494+00
6424,INSTALAR,INST ESTR PRIM CE1/CE1-A/CE2 LM,UN,2,true,LM,,2025-11-28 12:30:23.852494+00
6425,INSTALAR,INST POSTE ACIMA 13M LM,UN,4.5,true,LM,,2025-11-28 12:30:23.852494+00
6426,INSTALAR,INST POSTE ATE 13M <69KV MANUAL LM,UN,4,true,LM,,2025-11-28 12:30:23.852494+00
6427,INSTALAR,INST ESPACADOR LOSANG 35A185MM² LM,UN,1,true,LM,,2025-11-28 12:30:23.852494+00
6428,INSTALAR,INST ESTRIBO REDE BT LM,UN,0.1,true,LM,,2025-11-28 12:30:23.852494+00
6429,INSTALAR,INST ISOLADOR CADEIA LM,UN,0.5,true,LM,,2025-11-28 12:30:23.852494+00
6430,INSTALAR,INST ISOLADOR PILAR LM,UN,0.5,true,LM,,2025-11-28 12:30:23.852494+00
6431,INSTALAR,INST ISOLADOR PINO FIM DE REDE LM,UN,0.5,true,LM,,2025-11-28 12:30:23.852494+00
6432,INSTALAR,INST ISOLADOR PINO TANGENTE LM,UN,0.5,true,LM,,2025-11-28 12:30:23.852494+00
6433,INSTALAR,REMAN REG TENS MONO LM,UN,9.8,true,LM,,2025-11-28 12:30:23.852494+00
6433,RETIRAR,REMAN REG TENS MONO LM,UN,4.2,true,LM,,2025-11-28 12:30:23.852494+00
6434,INSTALAR,REMAN RELIG LM,UN,9.8,true,LM,,2025-11-28 12:30:23.852494+00
6434,RETIRAR,REMAN RELIG LM,UN,4.2,true,LM,,2025-11-28 12:30:23.852494+00
6435,INSTALAR,REPAR COND C/PREFORM LM,UN,0.2,true,LM,,2025-11-28 12:30:23.852494+00
6436,INSTALAR,REINST CH MONO FACA LM,UN,0.91,true,LM,,2025-11-28 12:30:23.852494+00
6436,RETIRAR,REINST CH MONO FACA LM,UN,0.39,true,LM,,2025-11-28 12:30:23.852494+00
6437,INSTALAR,REINST CH MONO FUSIVEL LM,UN,0.91,true,LM,,2025-11-28 12:30:23.852494+00
6437,RETIRAR,REINST CH MONO FUSIVEL LM,UN,0.39,true,LM,,2025-11-28 12:30:23.852494+00
6438,INSTALAR,PINT NUM PST C/FORNEC MAT LM,POSTE,0.5,true,LM,,2025-11-28 12:30:23.852494+00
6439,INSTALAR,REAP CONEXOES PRIMARIAS LM,UN,0.2,true,LM,,2025-11-28 12:30:23.852494+00
6440,INSTALAR,REAP CONEXOES SECUNDARIAS LM,UN,0.1,true,LM,,2025-11-28 12:30:23.852494+00
6441,INSTALAR,REAP PARAFUSO ESTRUT PRIM LM,UN,0.5,true,LM,,2025-11-28 12:30:23.852494+00
6442,INSTALAR,REEMB ATEST ALINH POR RUA LM,UN,0.5,true,LM,,2025-11-28 12:30:23.852494+00
6443,INSTALAR,REFAZ AMARR MT LM,UN,0.2,true,LM,,2025-11-28 12:30:23.852494+00
6444,INSTALAR,REFAZ AMARR BT LM,UN,0.1,true,LM,,2025-11-28 12:30:23.852494+00
6445,INSTALAR,MUDAR TAP TRANSF LM,UN,0.5,true,LM,,2025-11-28 12:30:23.852494+00
6446,INSTALAR,NIVELAR COND TODAS FASES LM,KM,8,true,LM,,2025-11-28 12:30:23.852494+00
6447,INSTALAR,NIVELAR CRUZETA LM,UN,0.5,true,LM,,2025-11-28 12:30:23.852494+00
6448,INSTALAR,OPER RELIG/DISJ AB E FC LM,UN,0.5,true,LM,,2025-11-28 12:30:23.852494+00
6449,INSTALAR,REPOSIC CRUZ N1/N2 OU B1/B2 LM,UN,2,true,LM,,2025-11-28 12:30:23.852494+00
6450,INSTALAR,"REPOSIC CRUZ N3,N4 OU B3,B4,T3/T4 LM",UN,6,true,LM,,2025-11-28 12:30:23.852494+00
6451,INSTALAR,SERV OFIC RETENS ESTAI POSTE-ESTRUT LM,UN,0.94,true,LM,,2025-11-28 12:30:23.852494+00
6452,INSTALAR,SECCIONAR CERCA POR FIO LM,UN,0.1,true,LM,,2025-11-28 12:30:23.852494+00
6453,INSTALAR,TRAT HST ATERR TR QU LABORGEL/SIMILAR LM,UN,1,true,LM,,2025-11-28 12:30:23.852494+00
6454,INSTALAR,VER SEQU FASE LM,ESTRUT,0.75,true,LM,,2025-11-28 12:30:23.852494+00
6455,RETIRAR,DESAT CRUZAMENTO AEREO MT FLY TAP LM,UN,0.4,true,LM,,2025-11-28 12:30:23.852494+00
6456,RETIRAR,DESAT CRUZAMENTO AEREO BT FLY TAP LM,UN,0.2,true,LM,,2025-11-28 12:30:23.852494+00
6458,INSTALAR,INST RELIG TRIP NA REDE MT LM,UN,11,true,LM,,2025-11-28 12:30:23.852494+00
6459,INSTALAR,INST SEPARADOR VERTICAL 50/185MM² LM,UN,2,true,LM,,2025-11-28 12:30:23.852494+00
6461,INSTALAR,EFET REP CALC COM COM FORNEC MAT LM,UN,2,true,LM,,2025-11-28 12:30:23.852494+00
6462,INSTALAR,INST EMENDA COND C/LUVA PREF LM,UN,0.6,true,LM,,2025-11-28 12:30:23.852494+00
6463,INSTALAR,"REINST PARA-RAIO RD < 34,5KV LM",UN,0.91,true,LM,,2025-11-28 12:30:23.852494+00
6463,RETIRAR,"REINST PARA-RAIO RD < 34,5KV LM",UN,0.39,true,LM,,2025-11-28 12:30:23.852494+00
6466,INSTALAR,SERV TEC LM DIST PST OBRA LM (URBANO),UN,3,true,LM,,2025-11-28 12:30:23.852494+00
6467,RETIRAR,DESAT CABO AL CA PROTEGIDO > 95MM2 LM,KM,20,true,LM,,2025-11-28 12:30:23.852494+00
6468,RETIRAR,DESAT CABO AL CA PROTEGIDO  =<95MM2 LM,KM,16,true,LM,,2025-11-28 12:30:23.852494+00
6469,INSTALAR,ESTRUT ILUM REMANEJAR LUMIN SIMPLES LM,UN,2.1,true,LM,,2025-11-28 12:30:23.852494+00
6469,RETIRAR,ESTRUT ILUM REMANEJAR LUMIN SIMPLES LM,UN,0.9,true,LM,,2025-11-28 12:30:23.852494+00
6470,RETIRAR,EST ILUM DESAT LUMIN SIMPLES LM,UN,0.5,true,LM,,2025-11-28 12:30:23.852494+00
6472,INSTALAR,INST MAO FRANC LM,UN,0.2,true,LM,,2025-11-28 12:30:23.852494+00
6473,INSTALAR,INST ELETRODUTO REDE SUBTERRANEA TODOS,M.LINEAR,0.05,true,LM,,2025-11-28 12:30:23.852494+00
6474,INSTALAR,INST CB AL PROTEG >95MM² LM,KM,56,true,LM,,2025-11-28 12:30:23.852494+00
6475,INSTALAR,"INST CB MENSAG REDE PROTEG CORDO9,5MM LM",KM,28,true,LM,,2025-11-28 12:30:23.852494+00
6477,INSTALAR,REMAN BANCO CAPACITOR 600 KVAR LM,UN,1.12,true,LM,,2025-11-28 12:30:23.852494+00
6477,RETIRAR,REMAN BANCO CAPACITOR 600 KVAR LM,UN,0.48,true,LM,,2025-11-28 12:30:23.852494+00
6478,INSTALAR,REMAN BANCO CAPACITOR 900 KVAR LM,UN,0.78,true,LM,,2025-11-28 12:30:23.852494+00
6478,RETIRAR,REMAN BANCO CAPACITOR 900 KVAR LM,UN,0.34,true,LM,,2025-11-28 12:30:23.852494+00
6479,INSTALAR,REINST CH TRIP OMNI RUPTER ABER CARGA LM,CJ,10.5,true,LM,,2025-11-28 12:30:23.852494+00
6479,RETIRAR,REINST CH TRIP OMNI RUPTER ABER CARGA LM,CJ,4.5,true,LM,,2025-11-28 12:30:23.852494+00
6481,INSTALAR,SERV TRANSFORMAR TIPO N1 PARA N2,ESTRUT,2,true,LM,,2025-11-28 12:30:23.852494+00
6482,INSTALAR,SERV TRANSFORMAR TIPO N2 PARA N1,ESTRUT,0.5,true,LM,,2025-11-28 12:30:23.852494+00
6483,INSTALAR,SERV TRANSFORMAR TIPO N4 PARA N1,ESTRUT,4,true,LM,,2025-11-28 12:30:23.852494+00
6484,RETIRAR,RET RAMAL ENTR C ELETROD CAIXA CP REDE,UN,0.5,true,LM,,2025-11-28 12:30:23.852494+00
6486,INSTALAR,REMAN BANCO CAPACITOR 300 KVAR LM,UN,1.12,true,LM,,2025-11-28 12:30:23.852494+00
6486,RETIRAR,REMAN BANCO CAPACITOR 300 KVAR LM,UN,0.48,true,LM,,2025-11-28 12:30:23.852494+00
6498,INSTALAR,REMAN CADEIA ISOLADOR DISCO REDE LM,UN,0.35,true,LM,,2025-11-28 12:30:23.852494+00
6498,RETIRAR,REMAN CADEIA ISOLADOR DISCO REDE LM,UN,0.15,true,LM,,2025-11-28 12:30:23.852494+00
6500,RETIRAR,DESAT CABO AL NU CA/CAA >2/0AWG LM,KM,10,true,LM,,2025-11-28 12:30:23.852494+00
6501,INSTALAR,SUBST ELO FUSIVEL LM,UN,0.35,true,LM,,2025-11-28 12:30:23.852494+00
6501,RETIRAR,SUBST ELO FUSIVEL LM,UN,0.15,true,LM,,2025-11-28 12:30:23.852494+00
6502,INSTALAR,SUBST MAO FRANCESA LM,UN,0.28,true,LM,,2025-11-28 12:30:23.852494+00
6502,RETIRAR,SUBST MAO FRANCESA LM,UN,0.12,true,LM,,2025-11-28 12:30:23.852494+00
6503,INSTALAR,SUBST PORTA FUSIVEL ELO FUSIVEL LM,UN,0.35,true,LM,,2025-11-28 12:30:23.852494+00
6503,RETIRAR,SUBST PORTA FUSIVEL ELO FUSIVEL LM,UN,0.15,true,LM,,2025-11-28 12:30:23.852494+00
6506,INSTALAR,SUBST PINO PARA ISOLADOR LM,UN,0.35,true,LM,,2025-11-28 12:30:23.852494+00
6506,RETIRAR,SUBST PINO PARA ISOLADOR LM,UN,0.15,true,LM,,2025-11-28 12:30:23.852494+00
6511,INSTALAR,REINST ESTRUTURA PRIM N2/M2/B2/B2-E LM,UN,1.23,true,LM,,2025-11-28 12:30:23.852494+00
6511,RETIRAR,REINST ESTRUTURA PRIM N2/M2/B2/B2-E LM,UN,0.52,true,LM,,2025-11-28 12:30:23.852494+00
6513,INSTALAR,REINST ESTRUTURA PRIM N4/M4/B4 LM,UN,3.07,true,LM,,2025-11-28 12:30:23.852494+00
6513,RETIRAR,REINST ESTRUTURA PRIM N4/M4/B4 LM,UN,1.31,true,LM,,2025-11-28 12:30:23.852494+00
6516,INSTALAR,REINST ESTRUTURA PRIM T4/TE/T4-T LM,UN,4.9,true,LM,,2025-11-28 12:30:23.852494+00
6516,RETIRAR,REINST ESTRUTURA PRIM T4/TE/T4-T LM,UN,2.1,true,LM,,2025-11-28 12:30:23.852494+00
6517,INSTALAR,"REINST ESTR PRIM TIPO P1, PT1 OU PTA1 LM",UN,1.41,true,LM,,2025-11-28 12:30:23.852494+00
6517,RETIRAR,"REINST ESTR PRIM TIPO P1, PT1 OU PTA1 LM",UN,0.61,true,LM,,2025-11-28 12:30:23.852494+00
6519,INSTALAR,"REINST ESTRUTURA PRIMARIA MRT U1,U2 LM",UN,0.48,true,LM,,2025-11-28 12:30:23.852494+00
6519,RETIRAR,"REINST ESTRUTURA PRIMARIA MRT U1,U2 LM",UN,0.21,true,LM,,2025-11-28 12:30:23.852494+00
6520,INSTALAR,"REINST ESTRUTURA PRIMARIA MRT U3,U4 LM",UN,1.2,true,LM,,2025-11-28 12:30:23.852494+00
6520,RETIRAR,"REINST ESTRUTURA PRIMARIA MRT U3,U4 LM",UN,0.52,true,LM,,2025-11-28 12:30:23.852494+00
6521,INSTALAR,REINST ESTRUTURA PRIMARIA TIPO P3 LM,UN,3.53,true,LM,,2025-11-28 12:30:23.852494+00
6521,RETIRAR,REINST ESTRUTURA PRIMARIA TIPO P3 LM,UN,1.51,true,LM,,2025-11-28 12:30:23.852494+00
6522,INSTALAR,REINST ESTRUTURA PRIMARIA TIPO P4 LM,UN,3.53,true,LM,,2025-11-28 12:30:23.852494+00
6522,RETIRAR,REINST ESTRUTURA PRIMARIA TIPO P4 LM,UN,1.51,true,LM,,2025-11-28 12:30:23.852494+00
6523,INSTALAR,REINST RAMAL SERVICO CONSUM BIFASICO LM,UN,0.34,true,LM,,2025-11-28 12:30:23.852494+00
6523,RETIRAR,REINST RAMAL SERVICO CONSUM BIFASICO LM,UN,0.15,true,LM,,2025-11-28 12:30:23.852494+00
6524,INSTALAR,REINST RAMAL SERVICO CONSUM MONOF LM,UN,0.34,true,LM,,2025-11-28 12:30:23.852494+00
6524,RETIRAR,REINST RAMAL SERVICO CONSUM MONOF LM,UN,0.15,true,LM,,2025-11-28 12:30:23.852494+00
6525,INSTALAR,REINST RAMAL SERVICO CONSUM TRIFASICO LM,UN,0.34,true,LM,,2025-11-28 12:30:23.852494+00
6525,RETIRAR,REINST RAMAL SERVICO CONSUM TRIFASICO LM,UN,0.15,true,LM,,2025-11-28 12:30:23.852494+00
6527,INSTALAR,SERV TRANSFORMAR TIPO N1 PARA N4,ESTRUT,5.5,true,LM,,2025-11-28 12:30:23.852494+00
6530,INSTALAR,"REINST PARA-RAIO RD > = 34,5KV LM",UN,0.91,true,LM,,2025-11-28 12:30:23.852494+00
6530,RETIRAR,"REINST PARA-RAIO RD > = 34,5KV LM",UN,0.39,true,LM,,2025-11-28 12:30:23.852494+00
6532,RETIRAR,DESAT BANCO CAPACITOR 300KVAR LM,UN,3,true,LM,,2025-11-28 12:30:23.852494+00
6537,RETIRAR,DESAT EST PRIM N3-1/M3-1/B3-1 LM,UN,2,true,LM,,2025-11-28 12:30:23.852494+00
6538,RETIRAR,DESAT EST PRIM N3-CE LM,UN,2,true,LM,,2025-11-28 12:30:23.852494+00
6540,RETIRAR,DESAT ISOLADOR PINO LM,UN,0.16,true,LM,,2025-11-28 12:30:23.852494+00
6545,INSTALAR,SIST ILUM SUBST REATOR EXTERNO LM,UN,0.14,true,LM,,2025-11-28 12:30:23.852494+00
6545,RETIRAR,SIST ILUM SUBST REATOR EXTERNO LM,UN,0.06,true,LM,,2025-11-28 12:30:23.852494+00
6549,INSTALAR,INST CAIXA MED CP TRAFO ELETROM LM,UN,4.33,true,LM,,2025-11-28 12:30:23.852494+00
6560,INSTALAR,INST ESTAI ANCORA EQUIP S/EXPLOSIVO LM,UN,9.5,true,LM,,2025-11-28 12:30:23.852494+00
6563,INSTALAR,INST ISOLADOR PINO LM,UN,0.5,true,LM,,2025-11-28 12:30:23.852494+00
6572,INSTALAR,INST ESPAC REDE BT TUBO DE PVC LM,UN,0.15,true,LM,,2025-11-28 12:30:23.852494+00
6573,INSTALAR,INST ESTR PRIM CE1-A LM,UN,2,true,LM,,2025-11-28 12:30:23.852494+00
6574,INSTALAR,INST ESTR PRIM CE1-C LM,UN,2,true,LM,,2025-11-28 12:30:23.852494+00
6575,INSTALAR,INST ESTR PRIM CE2 LM,UN,2,true,LM,,2025-11-28 12:30:23.852494+00
6577,INSTALAR,INST ESTR PRIM CE3 LM,UN,5,true,LM,,2025-11-28 12:30:23.852494+00
6579,INSTALAR,INST ESTR PRIM CE-CF LM,UN,5,true,LM,,2025-11-28 12:30:23.852494+00
6580,INSTALAR,INST ESTR PRIM CE-CS LM,UN,5,true,LM,,2025-11-28 12:30:23.852494+00
6581,INSTALAR,INST ESTR PRIM CEE-CS LM,UN,5,true,LM,,2025-11-28 12:30:23.852494+00
6582,INSTALAR,INST ESTR PRIM DN1 LM,UN,5,true,LM,,2025-11-28 12:30:23.852494+00
6583,INSTALAR,INST ESTR PRIM DN2 LM,UN,5,true,LM,,2025-11-28 12:30:23.852494+00
6584,INSTALAR,INST ESTR PRIM DN3 LM,UN,5,true,LM,,2025-11-28 12:30:23.852494+00
6586,INSTALAR,INST ESTR PRIM DN4-SEM CHAVE LM,UN,5,true,LM,,2025-11-28 12:30:23.852494+00
6589,INSTALAR,INST ESTR PRIM U3-2/U2-3 LM,UN,2,true,LM,,2025-11-28 12:30:23.852494+00
6594,INSTALAR,INST ESTR PRIM N4/N4E/M4/B4/B4E C/CH LM,UN,7,true,LM,,2025-11-28 12:30:23.852494+00
6595,INSTALAR,INST SAPATA PANTANO COM TAMBOR,UN,15,true,LM,,2025-11-28 12:30:23.852494+00
6596,INSTALAR,INST SAPATA PANTANO COM TORA,UN,15,true,LM,,2025-11-28 12:30:23.852494+00
6598,INSTALAR,REINST CH MONO FUSIVEL 3 OPERACOES LM,CJ,1.19,true,LM,,2025-11-28 12:30:23.852494+00
6598,RETIRAR,REINST CH MONO FUSIVEL 3 OPERACOES LM,CJ,0.51,true,LM,,2025-11-28 12:30:23.852494+00
6599,INSTALAR,REINST REGULADOR TENSAO MONOPOLAR LM,UN,8.1,true,LM,,2025-11-28 12:30:23.852494+00
6599,RETIRAR,REINST REGULADOR TENSAO MONOPOLAR LM,UN,3.47,true,LM,,2025-11-28 12:30:23.852494+00
6603,INSTALAR,NIVELAR COND AT P/FASE LM,KM,2.67,true,LM,,2025-11-28 12:30:23.852494+00
6604,RETIRAR,DESAT CABO AL NU  =<2/0AWG LM,KM,8,true,LM,,2025-11-28 12:30:23.852494+00
6608,RETIRAR,DESAT POSTE ATE 13 <69KV MANUAL LM,UN,4.5,true,LM,,2025-11-28 12:30:23.852494+00
6609,INSTALAR,SIST ILUM SUBST RELE FOTOELETRICO LM,UN,0.14,true,LM,,2025-11-28 12:30:23.852494+00
6609,RETIRAR,SIST ILUM SUBST RELE FOTOELETRICO LM,UN,0.06,true,LM,,2025-11-28 12:30:23.852494+00
6610,INSTALAR,REMAN TRANSF TRIF LM,UN,9.8,true,LM,,2025-11-28 12:30:23.852494+00
6610,RETIRAR,REMAN TRANSF TRIF LM,UN,4.2,true,LM,,2025-11-28 12:30:23.852494+00
6611,INSTALAR,REMAN TRANSF MON LM,UN,7,true,LM,,2025-11-28 12:30:23.852494+00
6611,RETIRAR,REMAN TRANSF MON LM,UN,3,true,LM,,2025-11-28 12:30:23.852494+00
6612,INSTALAR,PODAR ARVORE LINHA VIVA,UN,0.5,true,LV,,2025-11-28 12:30:23.852494+00
6614,INSTALAR,NIVELAR COND BT P/FASE LM,KM,2,true,LM,,2025-11-28 12:30:23.852494+00
6615,INSTALAR,"SUBST PARA-RAIO < 34,5 kV LM",UN,0.91,true,LM,,2025-11-28 12:30:23.852494+00
6615,RETIRAR,"SUBST PARA-RAIO < 34,5 kV LM",UN,0.39,true,LM,,2025-11-28 12:30:23.852494+00
6628,RETIRAR,DESAT CH SECCIONADORA  =>15KV BY PASS LM,PEÇ,0.3,true,LM,,2025-11-28 12:30:23.852494+00
6629,RETIRAR,"DESAT EST PRIM P2,PT2 LM",UN,3,true,LM,,2025-11-28 12:30:23.852494+00
6632,INSTALAR,INST CABO ALUM NU > 2/0 LM,KM,28,true,LM,,2025-11-28 12:30:23.852494+00
6633,INSTALAR,INST CABO ALUM NU  =< 2/0AWG LM,KM,23,true,LM,,2025-11-28 12:30:23.852494+00
6634,INSTALAR,INST LACRE MED E/OU CX MED LM,UN,1,true,LM,,2025-11-28 12:30:23.852494+00
6635,INSTALAR,INST PLACA ALUS LM,UN,60,true,LM,,2025-11-28 12:30:23.852494+00
6636,INSTALAR,INST SEPARADOR VERTICAL 50/185MM² LM,UN,2,true,LM,,2025-11-28 12:30:23.852494+00
6641,INSTALAR,SERV PROJ INSPECIONAR REDE RURAL KM,POS,0.34,true,LM,,2025-11-28 12:30:23.852494+00
6642,INSTALAR,EFET LIG RUR FORA REDE REGIONAL ELETROM,UN,0.5,true,LM,,2025-11-28 12:30:23.852494+00
6644,INSTALAR,"VISIT PREV CANT OBRA EXTE MAIO QUE 0,5KM",UN,2.73,true,LM,,2025-11-28 12:30:23.852494+00
6645,INSTALAR,"VISIT PREV CANT OBRA EXTE MENO OU=0,5KM",UN,2.27,true,LM,,2025-11-28 12:30:23.852494+00
6653,INSTALAR,EST ILUM SUBST LUMIN FECHADA LM,UN,1.05,true,LM,,2025-11-28 12:30:23.852494+00
6653,RETIRAR,EST ILUM SUBST LUMIN FECHADA LM,UN,0.45,true,LM,,2025-11-28 12:30:23.852494+00
6655,INSTALAR,REINST SERV TEC ESPACADOR BT LM,UN,0.14,true,LM,,2025-11-28 12:30:23.852494+00
6655,RETIRAR,REINST SERV TEC ESPACADOR BT LM,UN,0.06,true,LM,,2025-11-28 12:30:23.852494+00
6656,INSTALAR,INST ESTRUT PRIM N23/M23/B23 LM,UN,5,true,LM,,2025-11-28 12:30:23.852494+00
6657,INSTALAR,CONST CXS PASS LM,UN,3,true,LM,,2025-11-28 12:30:23.852494+00
6661,INSTALAR,FORN/INST PLACA DE OBRA,UN,60,true,LM,,2025-11-28 12:30:23.852494+00
6665,INSTALAR,ABERTURA FAIXA COM PLANTACAO GRAMINEAS,HEC,7.15,true,LM,,2025-11-28 12:30:23.852494+00
6670,RETIRAR,DESAT CABO AL NU > 2/0AWG LM,KM,10,true,LM,,2025-11-28 12:30:23.852494+00
6671,INSTALAR,ABERTURA FAIXA VEGETACAO DENSA C/TRATOR,HEC,66,true,LM,,2025-11-28 12:30:23.852494+00
6674,INSTALAR,SERV TEC LV EMENDAR CONDUTOR PRIMARIO NU,PEÇ,0.6,true,LV,,2025-11-28 12:30:23.852494+00
6675,INSTALAR,SERV TEC LV EMENDAR CONDUTOR SECUNDAR NU,PEÇ,0.6,true,LV,,2025-11-28 12:30:23.852494+00
6676,INSTALAR,SERV TEC LV EMENDAR COND PRIMAR PROTEG,PEÇ,1,true,LV,,2025-11-28 12:30:23.852494+00
6677,INSTALAR,EMEND CABO MENS REDE PROTEGIDA LV,PEÇ,0.6,true,LV,,2025-11-28 12:30:23.852494+00
6678,INSTALAR,REINST CRUZAM AER FLY TAP MT JUMP LV,PEÇ,0.28,true,LV,,2025-11-28 12:30:23.852494+00
6678,RETIRAR,REINST CRUZAM AER FLY TAP MT JUMP LV,PEÇ,0.12,true,LV,,2025-11-28 12:30:23.852494+00
6679,INSTALAR,REINST CRUZAM AER FLY TAP BT JUMP LV,PEÇ,0.14,true,LV,,2025-11-28 12:30:23.852494+00
6679,RETIRAR,REINST CRUZAM AER FLY TAP BT JUMP LV,PEÇ,0.06,true,LV,,2025-11-28 12:30:23.852494+00
6680,INSTALAR,SERV OFIC INST BCO CAPAC 300 KVAR LV,PEÇ,2.24,true,LV,,2025-11-28 12:30:23.852494+00
6681,INSTALAR,INST BANCO CAPACITOR 600KVAR LV,PEÇ,2.68,true,LV,,2025-11-28 12:30:23.852494+00
6682,INSTALAR,INST BANCO CAPACITOR 900KVAR LV,PEÇ,0.48,true,LV,,2025-11-28 12:30:23.852494+00
6683,INSTALAR,INST CAPACITOR MT MONOPOLAR LV,PEÇ,0.48,true,LV,,2025-11-28 12:30:23.852494+00
6687,INSTALAR,SERV TEC INST COBERTURA REDE BT FASE LV,VAO,0.72,true,LV,,2025-11-28 12:30:23.852494+00
6688,INSTALAR,SERV TEC INST COBERT REDE FASE LV,VAO,1.43,true,LV,,2025-11-28 12:30:23.852494+00
6690,INSTALAR,INST CONECTOR REDE PRIMARIA LV,PEÇ,0.4,true,LV,,2025-11-28 12:30:23.852494+00
6691,INSTALAR,INST CONEC RD SEC LV,PEÇ,0.1,true,LV,,2025-11-28 12:30:23.852494+00
6692,INSTALAR,INST CRUZETA DUPLA LV,PEÇ,2,true,LV,,2025-11-28 12:30:23.852494+00
6693,INSTALAR,INST ESPACADOR LOSANG 50/185MM² LV,PEÇ,0.35,true,LV,,2025-11-28 12:30:23.852494+00
6694,INSTALAR,INST SEPARADOR VERTICAL 50/185MM² LV,PEÇ,0.35,true,LV,,2025-11-28 12:30:23.852494+00
6695,INSTALAR,INST ESTAI CRUZETA A CRUZETA LV,PEÇ,2.5,true,LV,,2025-11-28 12:30:23.852494+00
6696,INSTALAR,INSTALACAO ESTRIBO EM REDE EXIST AT  LV,PEÇ,0.2,true,LV,,2025-11-28 12:30:23.852494+00
6697,INSTALAR,INST ESTR PRIM CE1 LV,PEÇ,1.13,true,LV,,2025-11-28 12:30:23.852494+00
6698,INSTALAR,INST ESTR PRIM CE1-A LV,PEÇ,1.13,true,LV,,2025-11-28 12:30:23.852494+00
6699,INSTALAR,INST ESTR PRIM CE1-C LV,PEÇ,1.13,true,LV,,2025-11-28 12:30:23.852494+00
6700,INSTALAR,INST ESTRUTURA PRIM CE3 LV,PEÇ,2.84,true,LV,,2025-11-28 12:30:23.852494+00
67000,INSTALAR,MOBILIZAÇÃO E DESMOBILIZAÇÃO EQUIPE,UNID.,6,true,LM,,2025-11-28 12:30:23.852494+00
67000,INSTALAR,MOBILIZAÇÃO E DESMOBILIZAÇÃO EQUIPE,UNID.,6,true,LV,,2025-11-28 12:30:23.852494+00
6701,INSTALAR,INST ESTRUTURA PRIM CE4 LV,PEÇ,2.84,true,LV,,2025-11-28 12:30:23.852494+00
6702,INSTALAR,INST ESTRUTURA PRIM U1 LV,PEÇ,0.8,true,LV,,2025-11-28 12:30:23.852494+00
6703,INSTALAR,INST ESTRUTURA PRIM U2 LV,PEÇ,0.8,true,LV,,2025-11-28 12:30:23.852494+00
6704,INSTALAR,INST ESTRUTURA PRIM U3/U3-2/U2-3 LV,PEÇ,2,true,LV,,2025-11-28 12:30:23.852494+00
6705,INSTALAR,INST ESTRUTURA PRIM U4 LV,PEÇ,2,true,LV,,2025-11-28 12:30:23.852494+00
6706,INSTALAR,INST ESTRUTURA PRIM HT/HTE LV,PEÇ,2.11,true,LV,,2025-11-28 12:30:23.852494+00
6707,INSTALAR,INST ESTRUTURA PRIM N1/M1/B1 LV,PEÇ,0.7,true,LV,,2025-11-28 12:30:23.852494+00
6708,INSTALAR,INSTALACAO ESTRUT PRIM N1 MUFLA LV,PEÇ,1.34,true,LV,,2025-11-28 12:30:23.852494+00
6709,INSTALAR,INST ESTRUTURA PRIM N2/M2/B2/B2-E LV,PEÇ,1.28,true,LV,,2025-11-28 12:30:23.852494+00
6710,INSTALAR,INSTAL ESTR PRIM N3-2/M3-2/N2-3/M2-3  LV,PEÇ,1.46,true,LV,,2025-11-28 12:30:23.852494+00
6711,INSTALAR,INST ESTR PRIM N3/N3-E/M3/B3/B3-E LV,PEÇ,1.28,true,LV,,2025-11-28 12:30:23.852494+00
6712,INSTALAR,INST EST PRIM N4/N4-E/M4/B4/B4-E C CH LV,PEÇ,2.12,true,LV,,2025-11-28 12:30:23.852494+00
6713,INSTALAR,INST ESTRUT PRIM N4/N4-E/M4/B4/B4-E LV,PEÇ,1.46,true,LV,,2025-11-28 12:30:23.852494+00
6714,INSTALAR,INST EST SEC EM REDE CONVENCIONAL LV,PEÇ,0.57,true,LV,,2025-11-28 12:30:23.852494+00
6715,INSTALAR,INST ISOLADOR DISCO LV,PEÇ,0.4,true,LV,,2025-11-28 12:30:23.852494+00
6716,INSTALAR,INST ISOLADOR PINO FIM DE REDE LV,PEÇ,0.4,true,LV,,2025-11-28 12:30:23.852494+00
6717,INSTALAR,INST ISOLADOR PINO TANGENTE LV,PEÇ,0.36,true,LV,,2025-11-28 12:30:23.852494+00
6718,INSTALAR,INST ISOLADOR PILAR LV,PEÇ,0.36,true,LV,,2025-11-28 12:30:23.852494+00
6719,INSTALAR,SERV TEC INST MAO FRANCESA LV,PEÇ,0.2,true,LV,,2025-11-28 12:30:23.852494+00
6720,INSTALAR,INST MEDICAO MT CONJUNTO TC E TP LV,CJ,0.96,true,LV,,2025-11-28 12:30:23.852494+00
6721,INSTALAR,INST OLHAL LV,PEÇ,0.28,true,LV,,2025-11-28 12:30:23.852494+00
6722,INSTALAR,"INST PARA-RAIOS RD < 34,5 KV LV",PEÇ,0.36,true,LV,,2025-11-28 12:30:23.852494+00
6723,INSTALAR,INST POSTE ATE 13M <69KV GUIN LV,PEÇ,1.7,true,LV,,2025-11-28 12:30:23.852494+00
6724,INSTALAR,INST POSTE ACIMA DE 13 M LV,PEÇ,4.5,true,LV,,2025-11-28 12:30:23.852494+00
6725,INSTALAR,INST RELIGADOR TENSAO NA REDE MT LV,PEÇ,2.9,true,LV,,2025-11-28 12:30:23.852494+00
6726,INSTALAR,INST REGULADOR TENSAO NA REDE MT LV,PEÇ,2.11,true,LV,,2025-11-28 12:30:23.852494+00
6727,INSTALAR,INST TRANSF DISTRIBUIC AEREO MONO LV,PEÇ,8,true,LV,,2025-11-28 12:30:23.852494+00
6728,INSTALAR,INST TRANSF DISTRIBUIC AEREO TRIF LV,PEÇ,11,true,LV,,2025-11-28 12:30:23.852494+00
6729,INSTALAR,SERV TEC LV NIVELAR CRUZ/COLOC BISSETRIZ,PEÇ,0.45,true,LV,,2025-11-28 12:30:23.852494+00
6730,INSTALAR,SERV OFIC PODAR ARVORE URB,UN,0.45,true,LV,,2025-11-28 12:30:23.852494+00
6731,INSTALAR,SERV TEC LV REAP REGULAR CHAVE SECCION,PEÇ,0.25,true,LV,,2025-11-28 12:30:23.852494+00
6732,INSTALAR,SERV TEC LV REAP REGULAR CHAVE FUSIVEL,PEÇ,0.25,true,LV,,2025-11-28 12:30:23.852494+00
6733,INSTALAR,REAPERT CONEXOES PRIMARIAS LV,PEÇ,0.45,true,LV,,2025-11-28 12:30:23.852494+00
6734,INSTALAR,REAPERT CONEXOES SECUNDARIAS LV,PEÇ,0.1,true,LV,,2025-11-28 12:30:23.852494+00
6736,INSTALAR,SERV TEC LV REFAZER AMARRACAO DE MT,PEÇ,0.45,true,LV,,2025-11-28 12:30:23.852494+00
6737,INSTALAR,SERV TEC LV REFAZER AMARRACAO DE BT,PEÇ,0.1,true,LV,,2025-11-28 12:30:23.852494+00
6738,INSTALAR,REMAN BANCO CAPACIT 300 KVAR < 69 KV LV,CJ,1.12,true,LV,,2025-11-28 12:30:23.852494+00
6738,RETIRAR,REMAN BANCO CAPACIT 300 KVAR < 69 KV LV,CJ,0.48,true,LV,,2025-11-28 12:30:23.852494+00
6739,INSTALAR,REMAN BANCO CAPACIT 600 KVAR < 69 KV LV,CJ,1.12,true,LV,,2025-11-28 12:30:23.852494+00
6739,RETIRAR,REMAN BANCO CAPACIT 600 KVAR < 69 KV LV,CJ,0.48,true,LV,,2025-11-28 12:30:23.852494+00
6740,INSTALAR,REMAN BANCO CAPACIT 900 KVAR < 69 KV LV,CJ,1.12,true,LV,,2025-11-28 12:30:23.852494+00
6740,RETIRAR,REMAN BANCO CAPACIT 900 KVAR < 69 KV LV,CJ,0.48,true,LV,,2025-11-28 12:30:23.852494+00
6741,INSTALAR,REMAN CH TRIP OLEO TRIP A CAR < 69 KV LV,PEÇ,10.5,true,LV,,2025-11-28 12:30:23.852494+00
6741,RETIRAR,REMAN CH TRIP OLEO TRIP A CAR < 69 KV LV,PEÇ,4.5,true,LV,,2025-11-28 12:30:23.852494+00
6742,INSTALAR,REMAN CH SECC FACA >= 15KV LV,PEÇ,0.91,true,LV,,2025-11-28 12:30:23.852494+00
6742,RETIRAR,REMAN CH SECC FACA >= 15KV LV,PEÇ,0.39,true,LV,,2025-11-28 12:30:23.852494+00
6743,INSTALAR,"REMAN CH FUSIVEL < 34,5 KV LV",PEÇ,0.91,true,LV,,2025-11-28 12:30:23.852494+00
6743,RETIRAR,"REMAN CH FUSIVEL < 34,5 KV LV",PEÇ,0.39,true,LV,,2025-11-28 12:30:23.852494+00
6744,INSTALAR,"REMAN CH FUSIVEL > = 34,5 KV LV",PEÇ,0.91,true,LV,,2025-11-28 12:30:23.852494+00
6744,RETIRAR,"REMAN CH FUSIVEL > = 34,5 KV LV",PEÇ,0.39,true,LV,,2025-11-28 12:30:23.852494+00
6745,INSTALAR,"REMAN CH FUS MONO < 34,5 KV RELIG LV",PEÇ,1.19,true,LV,,2025-11-28 12:30:23.852494+00
6745,RETIRAR,"REMAN CH FUS MONO < 34,5 KV RELIG LV",PEÇ,0.51,true,LV,,2025-11-28 12:30:23.852494+00
6746,INSTALAR,"REMAN CH FUS MONO > = 34,5 KV RELIG LV",PEÇ,1.19,true,LV,,2025-11-28 12:30:23.852494+00
6746,RETIRAR,"REMAN CH FUS MONO > = 34,5 KV RELIG LV",PEÇ,0.51,true,LV,,2025-11-28 12:30:23.852494+00
6747,INSTALAR,REMAN ESPACADOR NA REDE BT LV,PEÇ,0.18,true,LV,,2025-11-28 12:30:23.852494+00
6747,RETIRAR,REMAN ESPACADOR NA REDE BT LV,PEÇ,0.08,true,LV,,2025-11-28 12:30:23.852494+00
6748,INSTALAR,REMAN CADEIA ISOLADOR DISCO REDE LV,PEÇ,0.35,true,LV,,2025-11-28 12:30:23.852494+00
6748,RETIRAR,REMAN CADEIA ISOLADOR DISCO REDE LV,PEÇ,0.15,true,LV,,2025-11-28 12:30:23.852494+00
6749,INSTALAR,"REMAN PARA-RAIO < 34,5KV LV",PEÇ,0.91,true,LV,,2025-11-28 12:30:23.852494+00
6749,RETIRAR,"REMAN PARA-RAIO < 34,5KV LV",PEÇ,0.39,true,LV,,2025-11-28 12:30:23.852494+00
6750,INSTALAR,"REMAN PARA-RAIO > = 34,5KV LV",PEÇ,0.91,true,LV,,2025-11-28 12:30:23.852494+00
6750,RETIRAR,"REMAN PARA-RAIO > = 34,5KV LV",PEÇ,0.39,true,LV,,2025-11-28 12:30:23.852494+00
6751,INSTALAR,REMAN POSTE < 69 KV COM USO GUIND LV,PEÇ,4.2,true,LV,,2025-11-28 12:30:23.852494+00
6751,RETIRAR,REMAN POSTE < 69 KV COM USO GUIND LV,PEÇ,1.8,true,LV,,2025-11-28 12:30:23.852494+00
6752,INSTALAR,REMAN REG TENS MONOPOL <69KV LV,PEÇ,9.8,true,LV,,2025-11-28 12:30:23.852494+00
6752,RETIRAR,REMAN REG TENS MONOPOL <69KV LV,PEÇ,4.2,true,LV,,2025-11-28 12:30:23.852494+00
6753,INSTALAR,REMAN RELIGADOR TRIP NA REDE LV,PEÇ,9.8,true,LV,,2025-11-28 12:30:23.852494+00
6753,RETIRAR,REMAN RELIGADOR TRIP NA REDE LV,PEÇ,4.2,true,LV,,2025-11-28 12:30:23.852494+00
6754,INSTALAR,REMAN TRANSF DIST MONOFASICO LV,PEÇ,7,true,LV,,2025-11-28 12:30:23.852494+00
6754,RETIRAR,REMAN TRANSF DIST MONOFASICO LV,PEÇ,3,true,LV,,2025-11-28 12:30:23.852494+00
6755,INSTALAR,REMAN TRANSF DIST TRIFASICO LV,PEÇ,9.8,true,LV,,2025-11-28 12:30:23.852494+00
6755,RETIRAR,REMAN TRANSF DIST TRIFASICO LV,PEÇ,4.2,true,LV,,2025-11-28 12:30:23.852494+00
6758,INSTALAR,REPOSIC CRUZ N1/N2 OU B1/B2 LV,PEÇ,2,true,LV,,2025-11-28 12:30:23.852494+00
6759,INSTALAR,"REPOSIC CRUZ N3,N4 OU B3,B4,T3/T4 LV",PEÇ,6,true,LV,,2025-11-28 12:30:23.852494+00
6760,RETIRAR,SERV OFIC DESAT BCO CAPAC 300 KVAR LV,CJ,1.6,true,LV,,2025-11-28 12:30:23.852494+00
6761,RETIRAR,DESATIVAR BANCO CAPACITOR 600 KVAR LV,CJ,1.91,true,LV,,2025-11-28 12:30:23.852494+00
6762,RETIRAR,DESATIVAR BANCO CAPACITOR 900 KVAR LV,CJ,3,true,LV,,2025-11-28 12:30:23.852494+00
6763,RETIRAR,DESAT CAPACITOR MT MONOPOLAR LV,PEÇ,0.37,true,LV,,2025-11-28 12:30:23.852494+00
6765,RETIRAR,DESAT CH 1P DS CARG-NR-MAN 3PC =>69KV LV,PEÇ,0.42,true,LV,,2025-11-28 12:30:23.852494+00
6766,RETIRAR,DESAT CHAVE FUS <69KV 1F LV,PEÇ,0.36,true,LV,,2025-11-28 12:30:23.852494+00
6768,RETIRAR,DESAT CABO AL NU PRIM CA/CAA 4/0A336 LV,M,0.02,true,LV,,2025-11-28 12:30:23.852494+00
6769,RETIRAR,DESAT CABO AL NU PRIM CA/CAA 4A1/0 LV,M,0.01,true,LV,,2025-11-28 12:30:23.852494+00
6770,RETIRAR,DESAT CABO AL CA PROTEG 185MM2 LV,M,0.02,true,LV,,2025-11-28 12:30:23.852494+00
6771,RETIRAR,DESAT CABO AL CA PROTEG 50MM2 LV,M,0.01,true,LV,,2025-11-28 12:30:23.852494+00
6772,RETIRAR,DESAT CRUZ DUPLA P BASE EQUIPAM ESPEC LV,PEÇ,1,true,LV,,2025-11-28 12:30:23.852494+00
6773,RETIRAR,DESAT ESPAC LOSANG 50/185MM² LV,PEÇ,0.35,true,LV,,2025-11-28 12:30:23.852494+00
6774,RETIRAR,DESAT SEPARADOR VERTICAL 50/185MM² LV,PEÇ,0.35,true,LV,,2025-11-28 12:30:23.852494+00
6775,RETIRAR,DESAT EST PRIM CE1 LV,PEÇ,0.5,true,LV,,2025-11-28 12:30:23.852494+00
6776,RETIRAR,DESAT EST PRIM CE1-A LV,PEÇ,0.5,true,LV,,2025-11-28 12:30:23.852494+00
6777,RETIRAR,DESAT ESTRUTURA PRIM CE2 LV,PEÇ,0.5,true,LV,,2025-11-28 12:30:23.852494+00
6778,RETIRAR,DESAT EST PRIM CE2-CE3 LV,PEÇ,2,true,LV,,2025-11-28 12:30:23.852494+00
6779,RETIRAR,DESAT ESTRUTURA PRIM CE3 LV,PEÇ,2,true,LV,,2025-11-28 12:30:23.852494+00
6780,RETIRAR,DESAT ESTRUTURA PRIM CE4 LV,PEÇ,2,true,LV,,2025-11-28 12:30:23.852494+00
6781,RETIRAR,DESAT ESTRUTURA PRIM U3/U3-2/U2-3 LV,PEÇ,1,true,LV,,2025-11-28 12:30:23.852494+00
6782,RETIRAR,DESAT ESTRUTURA PRIM U4 LV,PEÇ,1,true,LV,,2025-11-28 12:30:23.852494+00
6783,RETIRAR,DESAT ESTRUTURA PRIM U1 LV,PEÇ,0.3,true,LV,,2025-11-28 12:30:23.852494+00
6784,RETIRAR,DESAT ESTRUTURA PRIM U2 LV,PEÇ,0.3,true,LV,,2025-11-28 12:30:23.852494+00
6785,RETIRAR,DESAT ESTRUTURA PRIM HT/HTE LV,PEÇ,1.5,true,LV,,2025-11-28 12:30:23.852494+00
6786,RETIRAR,DESAT ESTRUTURA PRIM N1/M1/B1 LV,PEÇ,0.53,true,LV,,2025-11-28 12:30:23.852494+00
6787,RETIRAR,DESAT ESTRUTURA PRIM N2/M2/B2/B2-E LV,PEÇ,0.93,true,LV,,2025-11-28 12:30:23.852494+00
6788,RETIRAR,DESAT ESTR PRIM N3/N3-E/M3/B3/B3-E LV,PEÇ,0.93,true,LV,,2025-11-28 12:30:23.852494+00
6789,RETIRAR,DESAT ESTRUT PRIM N4/N4-E/M4/B4/B4-E LV,PEÇ,1.04,true,LV,,2025-11-28 12:30:23.852494+00
6790,RETIRAR,DESATIVAR ESTRUT PRIM N1 COM MUFLA LV,PEÇ,0.79,true,LV,,2025-11-28 12:30:23.852494+00
6791,RETIRAR,DESAT ESTRUTURA PRIM HS LV,PEÇ,1.14,true,LV,,2025-11-28 12:30:23.852494+00
6792,RETIRAR,DESAT EST PRIM N3-2/M3-2/N2-3/M2-3 LV 2C,PEÇ,1.04,true,LV,,2025-11-28 12:30:23.852494+00
6793,RETIRAR,DESAT EST PRIM N3-2/M3-2/N2-3/M2-3 LV 1C,PEÇ,0.79,true,LV,,2025-11-28 12:30:23.852494+00
6794,RETIRAR,DESAT ISOLADOR PINO FIM DE REDE LV,PEÇ,0.32,true,LV,,2025-11-28 12:30:23.852494+00
6795,RETIRAR,DESAT ISOLADOR PINO TANGENTE LV,PEÇ,0.29,true,LV,,2025-11-28 12:30:23.852494+00
6796,RETIRAR,DESAT ISOLADOR PILAR LV,PEÇ,0.29,true,LV,,2025-11-28 12:30:23.852494+00
6797,RETIRAR,DESATIVAR MAO FRANCESA LV,PEÇ,0.2,true,LV,,2025-11-28 12:30:23.852494+00
6798,RETIRAR,RETIRAR OBJETO ESTRANHO DA REDE LV,PEÇ,0.36,true,LV,,2025-11-28 12:30:23.852494+00
6799,RETIRAR,"DESAT PARA-RAIOS RD < 34,5 KV LV",PEÇ,0.32,true,LV,,2025-11-28 12:30:23.852494+00
6800,RETIRAR,"DESAT POSTE DE 8,5 ATE 13 M LV",PEÇ,1.7,true,LV,,2025-11-28 12:30:23.852494+00
6801,RETIRAR,DESAT POSTE ACIMA DE 13 M LV,PEÇ,4.5,true,LV,,2025-11-28 12:30:23.852494+00
6802,RETIRAR,DESAT REGUL TENSAO NA REDE MT,PEÇ,1.51,true,LV,,2025-11-28 12:30:23.852494+00
6803,RETIRAR,DESAT RELIGADOR NA REDE MT LV,PEÇ,1.19,true,LV,,2025-11-28 12:30:23.852494+00
6804,RETIRAR,DESAT TRANSF DISTRIBUIC AEREO 1F LV,PEÇ,2,true,LV,,2025-11-28 12:30:23.852494+00
6805,INSTALAR,SUBST BARRAMENTO DE PARA-RAIOS,PEÇ,0.42,true,LV,,2025-11-28 12:30:23.852494+00
6805,RETIRAR,SUBST BARRAMENTO DE PARA-RAIOS,PEÇ,0.18,true,LV,,2025-11-28 12:30:23.852494+00
6806,INSTALAR,SUBST CAPACITOR CELULA 50 100 KVAR LV,PEÇ,0.42,true,LV,,2025-11-28 12:30:23.852494+00
6806,RETIRAR,SUBST CAPACITOR CELULA 50 100 KVAR LV,PEÇ,0.18,true,LV,,2025-11-28 12:30:23.852494+00
6807,INSTALAR,"SUBST CHAVE FUSIV RELIG <34,5KV LV",PEÇ,1.19,true,LV,,2025-11-28 12:30:23.852494+00
6807,RETIRAR,"SUBST CHAVE FUSIV RELIG <34,5KV LV",PEÇ,0.51,true,LV,,2025-11-28 12:30:23.852494+00
6808,INSTALAR,"SUBST CHAVE FUSIV UNIP <34,5KV LV",PEÇ,0.42,true,LV,,2025-11-28 12:30:23.852494+00
6808,RETIRAR,"SUBST CHAVE FUSIV UNIP <34,5KV LV",PEÇ,0.18,true,LV,,2025-11-28 12:30:23.852494+00
6809,INSTALAR,SUBST CONDUTORES  ISOL BAR TRANSFORMADOR,M,0.18,true,LV,,2025-11-28 12:30:23.852494+00
6809,RETIRAR,SUBST CONDUTORES  ISOL BAR TRANSFORMADOR,M,0.07,true,LV,,2025-11-28 12:30:23.852494+00
6811,INSTALAR,SUBST CRUZ 2 DE 5000MM EST TP HT/HTE LV,PEÇ,1.05,true,LV,,2025-11-28 12:30:23.852494+00
6811,RETIRAR,SUBST CRUZ 2 DE 5000MM EST TP HT/HTE LV,PEÇ,0.45,true,LV,,2025-11-28 12:30:23.852494+00
6812,INSTALAR,SUBST CRUZ 1 DE 2000-2400MM EST TP 1 LV,PEÇ,0.46,true,LV,,2025-11-28 12:30:23.852494+00
6812,RETIRAR,SUBST CRUZ 1 DE 2000-2400MM EST TP 1 LV,PEÇ,0.19,true,LV,,2025-11-28 12:30:23.852494+00
6813,INSTALAR,SUBST CRUZ 2 DE 2000-2400MM EST TP 2 LV,PEÇ,0.46,true,LV,,2025-11-28 12:30:23.852494+00
6813,RETIRAR,SUBST CRUZ 2 DE 2000-2400MM EST TP 2 LV,PEÇ,0.19,true,LV,,2025-11-28 12:30:23.852494+00
6814,INSTALAR,SUBST CRUZ 2 DE 2000-2400MM EST TP 3 LV,PEÇ,0.6,true,LV,,2025-11-28 12:30:23.852494+00
6814,RETIRAR,SUBST CRUZ 2 DE 2000-2400MM EST TP 3 LV,PEÇ,0.25,true,LV,,2025-11-28 12:30:23.852494+00
6815,INSTALAR,SUBST CRUZ 2 DE 2000-2400MM EST TP 4 LV,PEÇ,0.67,true,LV,,2025-11-28 12:30:23.852494+00
6815,RETIRAR,SUBST CRUZ 2 DE 2000-2400MM EST TP 4 LV,PEÇ,0.29,true,LV,,2025-11-28 12:30:23.852494+00
6816,INSTALAR,SUBST CRUZ DUPLA P BASE EQUIPAM ESPEC LV,PEÇ,2.1,true,LV,,2025-11-28 12:30:23.852494+00
6816,RETIRAR,SUBST CRUZ DUPLA P BASE EQUIPAM ESPEC LV,PEÇ,0.9,true,LV,,2025-11-28 12:30:23.852494+00
6817,INSTALAR,SUBST EMENDA DE COND MT NU LV,PEÇ,0.42,true,LV,,2025-11-28 12:30:23.852494+00
6817,RETIRAR,SUBST EMENDA DE COND MT NU LV,PEÇ,0.18,true,LV,,2025-11-28 12:30:23.852494+00
6818,INSTALAR,SUBST EMENDA DE COND MT PROTEGIDO LV,PEÇ,0.42,true,LV,,2025-11-28 12:30:23.852494+00
6818,RETIRAR,SUBST EMENDA DE COND MT PROTEGIDO LV,PEÇ,0.18,true,LV,,2025-11-28 12:30:23.852494+00
6819,INSTALAR,SUBST ESPACADOR LOSAN RD MT COMP LV,PEÇ,0.32,true,LV,,2025-11-28 12:30:23.852494+00
6819,RETIRAR,SUBST ESPACADOR LOSAN RD MT COMP LV,PEÇ,0.13,true,LV,,2025-11-28 12:30:23.852494+00
6820,INSTALAR,SUBST CABO ACO EM ESTAI ANCORA LV,PEÇ,0.7,true,LV,,2025-11-28 12:30:23.852494+00
6820,RETIRAR,SUBST CABO ACO EM ESTAI ANCORA LV,PEÇ,0.3,true,LV,,2025-11-28 12:30:23.852494+00
6821,INSTALAR,SUBST ESTAI CRUZETA LV,PEÇ,1.05,true,LV,,2025-11-28 12:30:23.852494+00
6821,RETIRAR,SUBST ESTAI CRUZETA LV,PEÇ,0.45,true,LV,,2025-11-28 12:30:23.852494+00
6822,INSTALAR,SUBST CRUZAM AEREO FLY TAP MT JAMP LV,PEÇ,0.63,true,LV,,2025-11-28 12:30:23.852494+00
6822,RETIRAR,SUBST CRUZAM AEREO FLY TAP MT JAMP LV,PEÇ,0.27,true,LV,,2025-11-28 12:30:23.852494+00
6823,INSTALAR,SUBST ISOLADOR DISCO LV,PEÇ,0.37,true,LV,,2025-11-28 12:30:23.852494+00
6823,RETIRAR,SUBST ISOLADOR DISCO LV,PEÇ,0.16,true,LV,,2025-11-28 12:30:23.852494+00
6824,INSTALAR,SUBST ISOLADOR PINO FIM REDE LV,PEÇ,0.32,true,LV,,2025-11-28 12:30:23.852494+00
6824,RETIRAR,SUBST ISOLADOR PINO FIM REDE LV,PEÇ,0.13,true,LV,,2025-11-28 12:30:23.852494+00
6825,INSTALAR,SUBST ISOLADOR PINO PILAR LV,PEÇ,0.37,true,LV,,2025-11-28 12:30:23.852494+00
6825,RETIRAR,SUBST ISOLADOR PINO PILAR LV,PEÇ,0.16,true,LV,,2025-11-28 12:30:23.852494+00
6826,INSTALAR,SUBST ISOLADOR PINO TANGENTE LV,PEÇ,0.32,true,LV,,2025-11-28 12:30:23.852494+00
6826,RETIRAR,SUBST ISOLADOR PINO TANGENTE LV,PEÇ,0.13,true,LV,,2025-11-28 12:30:23.852494+00
6827,INSTALAR,SUBST ISOLADOR PILAR PILAR LV,PEÇ,0.37,true,LV,,2025-11-28 12:30:23.852494+00
6827,RETIRAR,SUBST ISOLADOR PILAR PILAR LV,PEÇ,0.16,true,LV,,2025-11-28 12:30:23.852494+00
6828,INSTALAR,SUBST MAO FRANCESA LV,PEÇ,0.34,true,LV,,2025-11-28 12:30:23.852494+00
6828,RETIRAR,SUBST MAO FRANCESA LV,PEÇ,0.14,true,LV,,2025-11-28 12:30:23.852494+00
6829,INSTALAR,SUBST PORTA FUSIVEL LV,PEÇ,0.25,true,LV,,2025-11-28 12:30:23.852494+00
6829,RETIRAR,SUBST PORTA FUSIVEL LV,PEÇ,0.1,true,LV,,2025-11-28 12:30:23.852494+00
6830,INSTALAR,SUBST TERMINAL CHAVE FACA LV,PEÇ,0.32,true,LV,,2025-11-28 12:30:23.852494+00
6830,RETIRAR,SUBST TERMINAL CHAVE FACA LV,PEÇ,0.13,true,LV,,2025-11-28 12:30:23.852494+00
6831,INSTALAR,SERVICOS TRANSFORMAR ESTR N1 PARA N4 LV,UN,1.99,true,LV,,2025-11-28 12:30:23.852494+00
6832,INSTALAR,SERVICOS TRANSFORMAR ESTR N2 PARA N1 LV,UN,0.53,true,LV,,2025-11-28 12:30:23.852494+00
6833,INSTALAR,SERVICOS TRANSFORMAR ESTR N4 PARA N1 LV,UN,1.74,true,LV,,2025-11-28 12:30:23.852494+00
6834,INSTALAR,IDENTIFICAR SEQUENCIA FASES EM ALIM LV,UN,0.28,true,LV,,2025-11-28 12:30:23.852494+00
6839,INSTALAR,SUBST CRUZ EST TIPO 2 COM TRANSF LV,PEÇ,2.03,true,LV,,2025-11-28 12:30:23.852494+00
6839,RETIRAR,SUBST CRUZ EST TIPO 2 COM TRANSF LV,PEÇ,0.87,true,LV,,2025-11-28 12:30:23.852494+00
6840,INSTALAR,SUBST CRUZ EST TIPO 4 COM CH SEC FACA LV,PEÇ,2.12,true,LV,,2025-11-28 12:30:23.852494+00
6840,RETIRAR,SUBST CRUZ EST TIPO 4 COM CH SEC FACA LV,PEÇ,0.91,true,LV,,2025-11-28 12:30:23.852494+00
6841,INSTALAR,SERV TEC LV MONTAR PLATAFORMA,PEÇ,1.5,true,LV,,2025-11-28 12:30:23.852494+00
6843,INSTALAR,REINST CAPACITOR MT MONOPOLAR LV,PEÇ,1.12,true,LV,,2025-11-28 12:30:23.852494+00
6843,RETIRAR,REINST CAPACITOR MT MONOPOLAR LV,PEÇ,0.48,true,LV,,2025-11-28 12:30:23.852494+00
6844,INSTALAR,"REINST CHAVE FUSIVEL <34,5KV LV",PEÇ,0.91,true,LV,,2025-11-28 12:30:23.852494+00
6844,RETIRAR,"REINST CHAVE FUSIVEL <34,5KV LV",PEÇ,0.39,true,LV,,2025-11-28 12:30:23.852494+00
6845,INSTALAR,"REINST CH FUSIVEL RELIG <34,5KV LV",PEÇ,1.19,true,LV,,2025-11-28 12:30:23.852494+00
6845,RETIRAR,"REINST CH FUSIVEL RELIG <34,5KV LV",PEÇ,0.51,true,LV,,2025-11-28 12:30:23.852494+00
6846,INSTALAR,REINST CH TRIP DESLIGAM EM CARGA LV,PEÇ,10.5,true,LV,,2025-11-28 12:30:23.852494+00
6846,RETIRAR,REINST CH TRIP DESLIGAM EM CARGA LV,PEÇ,4.5,true,LV,,2025-11-28 12:30:23.852494+00
6847,RETIRAR,DESAT ISOLADOR DISCO LV,PEÇ,0.5,true,LV,,2025-11-28 12:30:23.852494+00
6848,INSTALAR,"REINST PARA-RAIO RD > = 34,5KV LV",PEÇ,0.91,true,LV,,2025-11-28 12:30:23.852494+00
6848,RETIRAR,"REINST PARA-RAIO RD > = 34,5KV LV",PEÇ,0.39,true,LV,,2025-11-28 12:30:23.852494+00
6849,INSTALAR,REINST POSTE ACIMA DE 13M LV,PEÇ,4.2,true,LV,,2025-11-28 12:30:23.852494+00
6849,RETIRAR,REINST POSTE ACIMA DE 13M LV,PEÇ,1.8,true,LV,,2025-11-28 12:30:23.852494+00
6850,INSTALAR,REINST REGULADOR TENSAO NA REDE MT LV,PEÇ,9.8,true,LV,,2025-11-28 12:30:23.852494+00
6850,RETIRAR,REINST REGULADOR TENSAO NA REDE MT LV,PEÇ,4.2,true,LV,,2025-11-28 12:30:23.852494+00
6851,INSTALAR,REINST TRANSF DIST MONOFASICO LV,PEÇ,7,true,LV,,2025-11-28 12:30:23.852494+00
6851,RETIRAR,REINST TRANSF DIST MONOFASICO LV,PEÇ,3,true,LV,,2025-11-28 12:30:23.852494+00
6852,INSTALAR,REINST TRANSF DIST TRIFASICO LV,PEÇ,9.8,true,LV,,2025-11-28 12:30:23.852494+00
6852,RETIRAR,REINST TRANSF DIST TRIFASICO LV,PEÇ,4.2,true,LV,,2025-11-28 12:30:23.852494+00
6853,INSTALAR,REINST CHAVE SECC FACA > =15KV LV,PEÇ,0.91,true,LV,,2025-11-28 12:30:23.852494+00
6853,RETIRAR,REINST CHAVE SECC FACA > =15KV LV,PEÇ,0.39,true,LV,,2025-11-28 12:30:23.852494+00
6854,INSTALAR,"REINST CHAVE FUSIVEL > = 34,5KV LV",PEÇ,0.91,true,LV,,2025-11-28 12:30:23.852494+00
6854,RETIRAR,"REINST CHAVE FUSIVEL > = 34,5KV LV",PEÇ,0.39,true,LV,,2025-11-28 12:30:23.852494+00
6855,INSTALAR,"REINST CH FUSIVEL RELIG > = 34,5KV LV",PEÇ,1.19,true,LV,,2025-11-28 12:30:23.852494+00
6855,RETIRAR,"REINST CH FUSIVEL RELIG > = 34,5KV LV",PEÇ,0.51,true,LV,,2025-11-28 12:30:23.852494+00
6856,INSTALAR,"REINST POSTE DE 8,5 ATE 13M LV",PEÇ,4.2,true,LV,,2025-11-28 12:30:23.852494+00
6856,RETIRAR,"REINST POSTE DE 8,5 ATE 13M LV",PEÇ,1.8,true,LV,,2025-11-28 12:30:23.852494+00
6858,RETIRAR,DESAT CONECT E/OU TERM < 69 KV LV,PEÇ,0.11,true,LV,,2025-11-28 12:30:23.852494+00
6859,RETIRAR,DESAT CH SECCIONADORA  =>15KV BY PASS LV,PEÇ,0.42,true,LV,,2025-11-28 12:30:23.852494+00
6861,INSTALAR,SUBST CONECTOR NA REDE MT/BT LV,PEÇ,0.32,true,LV,,2025-11-28 12:30:23.852494+00
6861,RETIRAR,SUBST CONECTOR NA REDE MT/BT LV,PEÇ,0.13,true,LV,,2025-11-28 12:30:23.852494+00
6864,INSTALAR,ARRASTAR PST LOC DIS A PT INS LM,UN,2,true,LM,,2025-11-28 12:30:23.852494+00
6877,INSTALAR,SERV OFIC INST CABO MENS CORD ACO LM,METRO,0.02,true,LM,,2025-11-28 12:30:23.852494+00
6878,INSTALAR,INST CB AL MULTIPLEX TODOS LM,KM,54.67,true,LM,,2025-11-28 12:30:23.852494+00
6883,INSTALAR,REAP E REG CHAVE FUS LM,UN,0.38,true,LM,,2025-11-28 12:30:23.852494+00
6884,INSTALAR,EFET REP CALC ESPEC COM FORN MAT LM,UN,5,true,LM,,2025-11-28 12:30:23.852494+00
6887,RETIRAR,DESAT CB AL MULT TODOS LM,KM,20,true,LM,,2025-11-28 12:30:23.852494+00
6889,RETIRAR,RET CASA JOAO BARRO LM,UN,0.38,true,LM,,2025-11-28 12:30:23.852494+00
6893,INSTALAR,SERC OFIC SUBS CABO ACO EM ESTAI LM,UN,1.38,true,LM,,2025-11-28 12:30:23.852494+00
6893,RETIRAR,SERC OFIC SUBS CABO ACO EM ESTAI LM,UN,0.59,true,LM,,2025-11-28 12:30:23.852494+00
6906,INSTALAR,REINST CRUZAMENTO AEREO FLY TAP MT LM,UN,0.39,true,LM,,2025-11-28 12:30:23.852494+00
6906,RETIRAR,REINST CRUZAMENTO AEREO FLY TAP MT LM,UN,0.16,true,LM,,2025-11-28 12:30:23.852494+00
6907,INSTALAR,REINST CRUZAMENTO AEREO FLY TAP BT LM,UN,0.2,true,LM,,2025-11-28 12:30:23.852494+00
6907,RETIRAR,REINST CRUZAMENTO AEREO FLY TAP BT LM,UN,0.08,true,LM,,2025-11-28 12:30:23.852494+00
6917,INSTALAR,REINST ESTAI CRUZETA A CRUZETA LM,UN,1.6,true,LM,,2025-11-28 12:30:23.852494+00
6917,RETIRAR,REINST ESTAI CRUZETA A CRUZETA LM,UN,0.68,true,LM,,2025-11-28 12:30:23.852494+00
6918,INSTALAR,REINST ESTAI CON-PST/CRUZ-PST/PST-PST LM,UN,1.6,true,LM,,2025-11-28 12:30:23.852494+00
6918,RETIRAR,REINST ESTAI CON-PST/CRUZ-PST/PST-PST LM,UN,0.68,true,LM,,2025-11-28 12:30:23.852494+00
6923,INSTALAR,REINST ESTRUTURA PRIM CE2 LM,UN,1.47,true,LM,,2025-11-28 12:30:23.852494+00
6923,RETIRAR,REINST ESTRUTURA PRIM CE2 LM,UN,0.63,true,LM,,2025-11-28 12:30:23.852494+00
6925,INSTALAR,REINST ESTRUTURA PRIM CE3 LM,UN,5.88,true,LM,,2025-11-28 12:30:23.852494+00
6925,RETIRAR,REINST ESTRUTURA PRIM CE3 LM,UN,2.52,true,LM,,2025-11-28 12:30:23.852494+00
6926,INSTALAR,REINST ESTRUTURA PRIM CE4 LM,UN,5.88,true,LM,,2025-11-28 12:30:23.852494+00
6926,RETIRAR,REINST ESTRUTURA PRIM CE4 LM,UN,2.52,true,LM,,2025-11-28 12:30:23.852494+00
6933,INSTALAR,REINST ESTRUTURA PRIM HT/HTE LM,UN,7.36,true,LM,,2025-11-28 12:30:23.852494+00
6933,RETIRAR,REINST ESTRUTURA PRIM HT/HTE LM,UN,3.15,true,LM,,2025-11-28 12:30:23.852494+00
6938,INSTALAR,REINST ESTRUTURA SECUNDARIA CONVENCIONAL,UN,0.74,true,LM,,2025-11-28 12:30:23.852494+00
6938,RETIRAR,REINST ESTRUTURA SECUNDARIA CONVENCIONAL,UN,0.31,true,LM,,2025-11-28 12:30:23.852494+00
6941,INSTALAR,REMAN PST MANUAL LM,UN,4.2,true,LM,,2025-11-28 12:30:23.852494+00
6941,RETIRAR,REMAN PST MANUAL LM,UN,1.8,true,LM,,2025-11-28 12:30:23.852494+00
6943,INSTALAR,REINST  RELIG NA REDE MT LM,UN,8.1,true,LM,,2025-11-28 12:30:23.852494+00
6943,RETIRAR,REINST  RELIG NA REDE MT LM,UN,3.47,true,LM,,2025-11-28 12:30:23.852494+00
6947,INSTALAR,REINST CONDUT ALUMIN ACIMA DE 2/0 AWG LM,KM,18.62,true,LM,,2025-11-28 12:30:23.852494+00
6947,RETIRAR,REINST CONDUT ALUMIN ACIMA DE 2/0 AWG LM,KM,7.98,true,LM,,2025-11-28 12:30:23.852494+00
6948,INSTALAR,REINST CONDUT AL ATE 2/0 AWG INCLUS LM,KM,14.21,true,LM,,2025-11-28 12:30:23.852494+00
6948,RETIRAR,REINST CONDUT AL ATE 2/0 AWG INCLUS LM,KM,6.09,true,LM,,2025-11-28 12:30:23.852494+00
6949,INSTALAR,REINST CONDUTOR ALUM PROT > 95 MM² LM,KM,18.62,true,LM,,2025-11-28 12:30:23.852494+00
6949,RETIRAR,REINST CONDUTOR ALUM PROT > 95 MM² LM,KM,7.98,true,LM,,2025-11-28 12:30:23.852494+00
6950,INSTALAR,REINST CONDUTOR ALUM PROT =< 95 MM² LM,KM,18.62,true,LM,,2025-11-28 12:30:23.852494+00
6950,RETIRAR,REINST CONDUTOR ALUM PROT =< 95 MM² LM,KM,7.98,true,LM,,2025-11-28 12:30:23.852494+00
6951,INSTALAR,REINST COND AL SECUND MULTIPLEX TODOS LM,KM,36.66,true,LM,,2025-11-28 12:30:23.852494+00
6951,RETIRAR,REINST COND AL SECUND MULTIPLEX TODOS LM,KM,15.71,true,LM,,2025-11-28 12:30:23.852494+00
6955,RETIRAR,DESAT CADEIA DE DISCO COMPLETA LM,UN,0.55,true,LM,,2025-11-28 12:30:23.852494+00
6960,INSTALAR,"INST ESTR PRIM P2,PT2 LM",UN,2.4,true,LM,,2025-11-28 12:30:23.852494+00
6972,RETIRAR,DESAT EST PRIM TE LM,UN,2,true,LM,,2025-11-28 12:30:23.852494+00
6973,RETIRAR,DESAT IP CJ ILUM PST ORNAM,UN,0.5,true,LM,,2025-11-28 12:30:23.852494+00
6975,INSTALAR,REINST AFASTADOR 500MM LM,UN,0.08,true,LM,,2025-11-28 12:30:23.852494+00
6975,RETIRAR,REINST AFASTADOR 500MM LM,UN,0.04,true,LM,,2025-11-28 12:30:23.852494+00
6982,INSTALAR,EFETUAR MEDICAO ATERR TRANSFORMADOR,UN,1.3,true,LM,,2025-11-28 12:30:23.852494+00
7029,INSTALAR,EFET LOCACAO PST AREA URBANA LM,UN,0.76,true,LM,,2025-11-28 12:30:23.852494+00
7036,INSTALAR,EFET MANOBRA CHAV FACA AB/FEC LM,UN,1,true,LM,,2025-11-28 12:30:23.852494+00
7037,INSTALAR,EFET MANOBRA CHAV FUS AB/FEC LM,UN,1,true,LM,,2025-11-28 12:30:23.852494+00
7038,INSTALAR,EFET MED INSTANT TRANSFORM LM,UN,1.3,true,LM,,2025-11-28 12:30:23.852494+00
7043,INSTALAR,INST GRAMPO LINHA VIVA COM JUMPER LM,UN,0.3,true,LM,,2025-11-28 12:30:23.852494+00
7046,RETIRAR,DESAT PADRAO CONCR M1/T1 COM ATERRAM LM,UN,3,true,LM,,2025-11-28 12:30:23.852494+00
7049,INSTALAR,SERV TEC DE LM ATERRAR CERCA LM,UN,0.5,true,LM,,2025-11-28 12:30:23.852494+00
7090,RETIRAR,DES CRZ DUP BAS EQ ESP CONC LM,UN,2,true,LM,,2025-11-28 12:30:23.852494+00
7100,RETIRAR,DESAT AMARRAÇÃO DE MT / BT NO POSTE LM,UN,0.06,true,LM,,2025-11-28 12:30:23.852494+00
7135,RETIRAR,DESAT CX CP-TRAFO LM,UN,1.3,true,LM,,2025-11-28 12:30:23.852494+00
7141,RETIRAR,"DESAT EST  N4, M4, B4 CRZ CONC LM",UN,3,true,LM,,2025-11-28 12:30:23.852494+00
7174,RETIRAR,RET ESTAI DE QUALQUER TIPO CORD LM,UN,1,true,LM,,2025-11-28 12:30:23.852494+00
7175,RETIRAR,DESAT ESTR. PRIM –  TE E T4 CRZ CONC LM,UN,3,true,LM,,2025-11-28 12:30:23.852494+00
7176,RETIRAR,"DESAT ESTR. PRIM N3, M3, B3 CRZ CONC LM",UN,3,true,LM,,2025-11-28 12:30:23.852494+00
7178,RETIRAR,DESAT ESTRIBO EM REDE EXISTENTE LM,UN,0.06,true,LM,,2025-11-28 12:30:23.852494+00
7182,RETIRAR,DESAT ESTRUTURA PRIM CE1/CE1-A LM,UN,0.5,true,LM,,2025-11-28 12:30:23.852494+00
7183,RETIRAR,DESAT ESTRUTURA PRIM CE2 LM,UN,0.5,true,LM,,2025-11-28 12:30:23.852494+00
7186,RETIRAR,DESAT ESTRUTURA PRIM CE3 LM,UN,2,true,LM,,2025-11-28 12:30:23.852494+00
7189,RETIRAR,DESAT ESTRUTURA PRIM CE4 LM,UN,2,true,LM,,2025-11-28 12:30:23.852494+00
7198,RETIRAR,DESAT JUMPER NA REDE MT/BT LM,UN,0.19,true,LM,,2025-11-28 12:30:23.852494+00
7201,RETIRAR,"DESAT N1, M1, B1 CRZ DE CONC LM",UN,0.75,true,LM,,2025-11-28 12:30:23.852494+00
7204,RETIRAR,"DESAT N2, M2, B2 CRZ DE CONC LM",UN,0.75,true,LM,,2025-11-28 12:30:23.852494+00
7292,INSTALAR,INST AFAST RD SEC 500MM LM,UN,0.12,true,LM,,2025-11-28 12:30:23.852494+00
7295,INSTALAR,INST AMARRACAO MT/BT LM,UN,0.06,true,LM,,2025-11-28 12:30:23.852494+00
7338,INSTALAR,INST CRZ DUP BAS DE EQ ESP MAD OU FIB LM,UN,3.33,true,LM,,2025-11-28 12:30:23.852494+00
7339,INSTALAR,INST CRZ DUP BAS EQ ESP CONC LM,UN,6.67,true,LM,,2025-11-28 12:30:23.852494+00
7394,INSTALAR,INST ESTR. PRIM –  TE E T4 CRZ CONC LM,UN,11.97,true,LM,,2025-11-28 12:30:23.852494+00
7395,INSTALAR,"INST ESTR. PRIM N3, M3, B3 CRZ CONC LM",UN,7.48,true,LM,,2025-11-28 12:30:23.852494+00
7396,INSTALAR,"INST ESTR. PRIM N4, M4, B4 CRZ CONC LM",UN,7.5,true,LM,,2025-11-28 12:30:23.852494+00
7418,INSTALAR,INST JUMPER NA REDE MT/BT LM,UN,0.19,true,LM,,2025-11-28 12:30:23.852494+00
7423,INSTALAR,"INST N1, M1, B1 CRZ DE CONC LM",UN,2.99,true,LM,,2025-11-28 12:30:23.852494+00
7426,INSTALAR,"INST N2, M2, B2 CRZ DE CONC LM",UN,2.99,true,LM,,2025-11-28 12:30:23.852494+00
7429,INSTALAR,INST N2-3 / M2-3 CRZ DE CONC LM,UN,7.5,true,LM,,2025-11-28 12:30:23.852494+00
7524,INSTALAR,"REINS N2, M2, B2 CRZ DE CONC LM",UN,1.83,true,LM,,2025-11-28 12:30:23.852494+00
7524,RETIRAR,"REINS N2, M2, B2 CRZ DE CONC LM",UN,0.79,true,LM,,2025-11-28 12:30:23.852494+00
7531,INSTALAR,"REINST  N4, M4, B4 CRZ CONC LM",UN,4.59,true,LM,,2025-11-28 12:30:23.852494+00
7531,RETIRAR,"REINST  N4, M4, B4 CRZ CONC LM",UN,1.97,true,LM,,2025-11-28 12:30:23.852494+00
7540,INSTALAR,REINST CADEIA DISCO COMPLETA LM,UN,1.28,true,LM,,2025-11-28 12:30:23.852494+00
7540,RETIRAR,REINST CADEIA DISCO COMPLETA LM,UN,0.55,true,LM,,2025-11-28 12:30:23.852494+00
7558,INSTALAR,REINST ESP LO / VERT CB 35 A 185 LM,UN,1.32,true,LM,,2025-11-28 12:30:23.852494+00
7558,RETIRAR,REINST ESP LO / VERT CB 35 A 185 LM,UN,0.57,true,LM,,2025-11-28 12:30:23.852494+00
7580,INSTALAR,REINST ESTR. PRIM –  T4 E TE CRZ CONC LM,UN,7.34,true,LM,,2025-11-28 12:30:23.852494+00
7580,RETIRAR,REINST ESTR. PRIM –  T4 E TE CRZ CONC LM,UN,3.14,true,LM,,2025-11-28 12:30:23.852494+00
7582,INSTALAR,"REINST ESTR. PRIM N3, M3, B3 CRZ CONC LM",UN,4.59,true,LM,,2025-11-28 12:30:23.852494+00
7582,RETIRAR,"REINST ESTR. PRIM N3, M3, B3 CRZ CONC LM",UN,1.96,true,LM,,2025-11-28 12:30:23.852494+00
7584,INSTALAR,REINST ESTRUTURA PRIM CE1/CE1-A LM,UN,1.47,true,LM,,2025-11-28 12:30:23.852494+00
7584,RETIRAR,REINST ESTRUTURA PRIM CE1/CE1-A LM,UN,0.63,true,LM,,2025-11-28 12:30:23.852494+00
7592,INSTALAR,REINST ESTRUTURA PRIM N1/M1/B1 CONC LM,UN,1.83,true,LM,,2025-11-28 12:30:23.852494+00
7592,RETIRAR,REINST ESTRUTURA PRIM N1/M1/B1 CONC LM,UN,0.79,true,LM,,2025-11-28 12:30:23.852494+00
7595,INSTALAR,REINST ISOLADOR DE PINO LM,UN,0.32,true,LM,,2025-11-28 12:30:23.852494+00
7595,RETIRAR,REINST ISOLADOR DE PINO LM,UN,0.14,true,LM,,2025-11-28 12:30:23.852494+00
7635,RETIRAR,RET DESMANTELAR ATER LM,UN,0.7,true,LM,,2025-11-28 12:30:23.852494+00
7640,RETIRAR,RET. COND ISOL. DE BAR. DE TRANSF. LM,UN,0.2,true,LM,,2025-11-28 12:30:23.852494+00
7801,INSTALAR,ABERT DE FAIXA CERRADO/MATA LM,HEC,12,true,LM,,2025-11-28 12:30:23.852494+00
7886,INSTALAR,SERV SUBST ESTRUTURA TIPO4 C/CH FUSIV LV,PEÇ,0.2,true,LV,,2025-11-28 12:30:23.852494+00
7886,RETIRAR,SERV SUBST ESTRUTURA TIPO4 C/CH FUSIV LV,PEÇ,0.08,true,LV,,2025-11-28 12:30:23.852494+00
7895,INSTALAR,SERV SUBST ESTRUTURA PRIM HS LV,PEÇ,0.32,true,LV,,2025-11-28 12:30:23.852494+00
7895,RETIRAR,SERV SUBST ESTRUTURA PRIM HS LV,PEÇ,0.13,true,LV,,2025-11-28 12:30:23.852494+00
7896,RETIRAR,"DESAT CHAVE FUS RELIG >= 34,5 KV 1F LV",PEÇ,0.43,true,LV,,2025-11-28 12:30:23.852494+00
7953,INSTALAR,"INST CHAVE FUSIVEL < 34,5KV LV",PEÇ,0.48,true,LV,,2025-11-28 12:30:23.852494+00
7954,INSTALAR,"INST CHAVE FUSIVEL >= 34,5KV LV",PEÇ,0.48,true,LV,,2025-11-28 12:30:23.852494+00
8091,INSTALAR,INST SUP P/TRANSF <69KV LM,UN,0.4,true,LM,,2025-11-28 12:30:23.852494+00
8771,RETIRAR,DESAT CH TRIP OLEO ABER CARGA < 69 KV LV,PEÇ,1.19,true,LV,,2025-11-28 12:30:23.852494+00
91023,INSTALAR,TRANSPORTE DE POSTES COM CAMINHÃO TOCO/TRUCK POR KM,KM,0.11,true,LM,,2025-11-28 12:30:23.852494+00
91024,INSTALAR,TRANSPORTE DE POSTES COM CARRETA POR KM,KM,0.13,true,LM,,2025-11-28 12:30:23.852494+00
92320,INSTALAR,CAVALO MECÂNICO COM CARRETA 2 EIXOS CAPACIDADE DE 24 TON,KM,0.15,true,LM,,2025-11-28 12:30:23.852494+00
92321,INSTALAR,HORA DO COLABORADOR EM DISPONIBILIDADE PARA OUTRA REGIONAL - LV,UN,0.62,true,LV,,2025-11-28 12:30:23.852494+00
92322,INSTALAR,KM RODADO EM DESLOCAMENTO PARA OUTRA REGIONAL (POR COLABORADOR) - LV,KM,0.01,true,LV,,2025-11-28 12:30:23.852494+00
92323,INSTALAR,DIÁRIA HOSPEDAGEM ALIMENTAÇÃO FORA DA REGIONAL (POR COLABORADOR) - LV,UN,0.86,true,LV,,2025-11-28 12:30:23.852494+00
92324,INSTALAR,HORA DO COLABORADOR EM DISPONIBILIDADE PARA OUTRA REGIONAL - LM,UN,0.91,true,LM,,2025-11-28 12:30:23.852494+00
92325,INSTALAR,KM RODADO EM DESLOCAMENTO PARA OUTRA REGIONAL (POR COLABORADOR) - LM - KM,KM,0.02,true,LM,,2025-11-28 12:30:23.852494+00
92327,INSTALAR,DIÁRIA HOSPEDAGEM ALIMENTAÇÃO FORA DA REGIONAL (POR COLABORADOR) - LM - UN,UN,2.46,true,LM,,2025-11-28 12:30:23.852494+00
92328,INSTALAR,SERV TRANSFORMAR TIPO N1 PARA N2 - LV,UN,0.7,true,LV,,2025-11-28 12:30:23.852494+00
92329,INSTALAR,"INST CHAVE FUSIVEL 3 OP => 34,5 KV - LV",PEÇ,1.3,true,LV,,2025-11-28 12:30:23.852494+00
92330,INSTALAR,"INST CHAVE FUSIVEL 3 OP < 34,5 KV - LV",PEÇ,1.3,true,LV,,2025-11-28 12:30:23.852494+00
92331,INSTALAR,INST CH SECC S/LAM TER MONO MAN <69KV - LV,PEÇ,0.55,true,LV,,2025-11-28 12:30:23.852494+00
92525,INSTALAR,SERV. EMERG. HORARIO COMERCIAL - ADICIONAL 12%,UNID.,,true,LM,,2025-11-28 12:30:23.852494+00
92525,INSTALAR,SERV. EMERG. HORARIO COMERCIAL - ADICIONAL 12%,UNID.,,true,LV,,2025-11-28 12:30:23.852494+00
9433,RETIRAR,"DESAT CH TRIP O RUP AB CARG 13,8<69KV LM",CJ,4,true,LM,,2025-11-28 12:30:23.852494+00