codigo_mao_de_obra;descricao;unidade;operacao;ups;tipo
6665;ABERTURA FAIXA COM PLANTACAO GRAMINEAS;HEC;INSTALAR;7.15; LM 
6671;ABERTURA FAIXA VEGETACAO DENSA C/TRATOR;HEC;INSTALAR;66; LM 
6252;SERV AB/FEC VAL ATER EM TERRA;M.LINEAR;INSTALAR;0.18; LM 
6224;ABRIR CAVA EM TERRA NORMAL;UN;INSTALAR;1.5; LM 
6345;ABRIR CAVA ROCHA SEM USO EXPLOSIVO LM;UN;INSTALAR;4; LM 
6344;ABRIR CAVA ROCHA USO EXPLOS EQUIP LM;UN;INSTALAR;14.2; LM 
7801;ABERT DE FAIXA CERRADO/MATA LM;HEC;INSTALAR;12; LM 
6294;ABER-FECH VALETA RECOM PISO CALCADA LM;M.LINEAR;INSTALAR;0.5; LM 
6343;SERV OFIC APRUMAR PST LM;UN;INSTALAR;1; LM 
6864;ARRASTAR PST LOC DIS A PT INS LM;UN;INSTALAR;2; LM 
7049;SERV TEC DE LM ATERRAR CERCA LM;UN;INSTALAR;0.5; LM 
6315;INST SERV TEC COM BALANC CARGA REDE BT;CONS;INSTALAR;0.5; LM 
92320;CAVALO MEC¶NICO COM CARRETA 2 EIXOS CAPACIDADE DE 24 TON;KM;INSTALAR;0.15; LM 
6316;CONFECC BASE CONC TOTAL / SOLO CIMENTO;UN;INSTALAR;2.5; LM 
6225;CONFECC BASE CONC SIMPLES;UN;INSTALAR;14; LM 
6657;CONST CXS PASS LM;UN;INSTALAR;3; LM 
6500;DESAT CABO AL NU CA/CAA >2/0AWG LM;KM;RETIRAR;10; LM 
6628;DESAT CH SECCIONADORA  =>15KV BY PASS LM;PE€;RETIRAR;0.3; LM 
6352;DESAT CONECTOR NA BT LM;UN;RETIRAR;0.1; LM 
6287;DESAT EST PRI N4/N4E/M4/B4/B4E C/CHAV LM;UN;RETIRAR;2; LM 
6366;DESAT EST PRIM CE-1/CE-1A/CE-2 LM;UN;RETIRAR;0.5; LM 
6368;DESAT EST PRIM CE3/CE4 LM;UN;RETIRAR;2; LM 
6284;DESAT EST PRIM N3/N3-E/M3/B3/B3-E LM;UN;RETIRAR;2; LM 
6537;DESAT EST PRIM N3-1/M3-1/B3-1 LM;UN;RETIRAR;2; LM 
6285;DESAT EST PRIM N3-2/M3-2/N2-3/M2-3 LM;UN;RETIRAR;2; LM 
6538;DESAT EST PRIM N3-CE LM;UN;RETIRAR;2; LM 
6286;DESAT EST PRIM N3-N3/M3-M3 LM;UN;RETIRAR;2; LM 
6369;DESAT ISOLADOR CADEIA LM;UN;RETIRAR;0.5; LM 
6371;DESAT ISOLADOR PINO FIM DE REDE LM;UN;RETIRAR;0.5; LM 
6372;DESAT ISOLADOR PINO TANGENTE LM;UN;RETIRAR;0.5; LM 
6363;DESAT AFASTADOR 500MM LM;UN;RETIRAR;0.05; LM 
7100;DESAT AMARRA€ÇO DE MT / BT NO POSTE LM;UN;RETIRAR;0.06; LM 
6532;DESAT BANCO CAPACITOR 300KVAR LM;UN;RETIRAR;3; LM 
6360;DESAT BANCO CAPACITOR 600KVAR LM;UN;RETIRAR;3; LM 
6361;DESAT BANCO CAPACITOR 900KVAR LM;UN;RETIRAR;3; LM 
6468;DESAT CABO AL CA PROTEGIDO  =<95MM2 LM;KM;RETIRAR;16; LM 
6467;DESAT CABO AL CA PROTEGIDO > 95MM2 LM;KM;RETIRAR;20; LM 
6887;DESAT CB AL MULT TODOS LM;KM;RETIRAR;20; LM 
6604;DESAT CABO AL NU  =<2/0AWG LM;KM;RETIRAR;8; LM 
6670;DESAT CABO AL NU > 2/0AWG LM;KM;RETIRAR;10; LM 
6955;DESAT CADEIA DE DISCO COMPLETA LM;UN;RETIRAR;0.55; LM 
7135;DESAT CX CP-TRAFO LM;UN;RETIRAR;1.3; LM 
6226;DESAT CX MED CP-REDE CONEX RAMAI UC LM;UN;RETIRAR;2.33; LM 
6228;DESAT CX MED CP-REDE P/1 MEDIDOR LM;UN;RETIRAR;1; LM 
6227;DESAT CX MED CP-REDE P/ 3 OU 4 MEDID LM;UN;RETIRAR;2; LM 
6229;DESAT CX MED CP-REDE P/6 OU 8 MEDID LM;UN;RETIRAR;4; LM 
6362;DESAT CAPACITOR CELULA 50/100KVAR LM;UN;RETIRAR;0.6; LM 
6062;DESATIVAR CHAVE SECC FACA => 15 KV LM;UN;RETIRAR;0.3; LM 
6042;DESAT CHAVE FUSIVEL < 34,5 KV LM;UN;RETIRAR;0.3; LM 
6043;DESAT CHAVE FUSIVEL => 34,5 KV LM;UN;RETIRAR;0.3; LM 
6046;DESAT CHAVE FUSIVEL 3 OP < 34,5 KV;CJ;RETIRAR;0.4; LM 
6047;DESAT CHAVE FUSIVEL 3 OP => 34,5 KV;CJ;RETIRAR;0.4; LM 
9433;DESAT CH TRIP O RUP AB CARG 13,8<69KV LM;CJ;RETIRAR;4; LM 
6351;DESAT CONECTOR NA REDE MT/BT LM;UN;RETIRAR;0.1; LM 
6456;DESAT CRUZAMENTO AEREO BT FLY TAP LM;UN;RETIRAR;0.2; LM 
6455;DESAT CRUZAMENTO AEREO MT FLY TAP LM;UN;RETIRAR;0.4; LM 
7090;DES CRZ DUP BAS EQ ESP CONC LM;UN;RETIRAR;2; LM 
6365;DESAT CRUZETA DUPLA LM;UN;RETIRAR;1; LM 
6280;DESAT CRUZETA SIMPLES LM;UN;RETIRAR;1; LM 
6364;DESAT ESPAC LOSANG 35A185MMý LM;UN;RETIRAR;1; LM 
6357;DESAT ESPAC RD BT LM;UN;RETIRAR;0.05; LM 
6358;DESAT ESPAC VERTL REDE MT COMP LM;UN;RETIRAR;1; LM 
6281;DESAT ESTAI ANCORA CHUMBADO ROCHA LM;UN;RETIRAR;1; LM 
7178;DESAT ESTRIBO EM REDE EXISTENTE LM;UN;RETIRAR;0.06; LM 
7141;DESAT EST  N4, M4, B4 CRZ CONC LM;UN;RETIRAR;3; LM 
7175;DESAT ESTR. PRIM ?  TE E T4 CRZ CONC LM;UN;RETIRAR;3; LM 
7182;DESAT ESTRUTURA PRIM CE1/CE1-A LM;UN;RETIRAR;0.5; LM 
7183;DESAT ESTRUTURA PRIM CE2 LM;UN;RETIRAR;0.5; LM 
7186;DESAT ESTRUTURA PRIM CE3 LM;UN;RETIRAR;2; LM 
7189;DESAT ESTRUTURA PRIM CE4 LM;UN;RETIRAR;2; LM 
6373;DESAT EST PRIM HT LM;UN;RETIRAR;6; LM 
6374;DESAT ESTRUTURA PRIM N1/M1/B1 LM;UN;RETIRAR;0.5; LM 
6375;DESAT ESTRUTURA PRIM N2/M2/B2/B2-E LM;UN;RETIRAR;0.5; LM 
7176;DESAT ESTR. PRIM N3, M3, B3 CRZ CONC LM;UN;RETIRAR;3; LM 
6376;DESAT EST PRIM N3/B3/T3 LM;UN;RETIRAR;2; LM 
6346;DESAT EST PRIM N4/B4/T4 LM;UN;RETIRAR;2; LM 
6347;DESAT EST PRIM P1,PT1,PTA1 LM;UN;RETIRAR;0.9; LM 
6629;DESAT EST PRIM P2,PT2 LM;UN;RETIRAR;3; LM 
6348;DESAT EST PRIM P3 LM;UN;RETIRAR;3; LM 
6349;DESAT EST PRIM P4 LM;UN;RETIRAR;3; LM 
6972;DESAT EST PRIM TE LM;UN;RETIRAR;2; LM 
6350;DESAT EST PRIM U1/U2 LM;UN;RETIRAR;0.3; LM 
6353;DESAT EST PRIM U3/U4 LM;UN;RETIRAR;1; LM 
6354;DESAT EST SEC EM REDE CONVENCIONAL LM;UN;RETIRAR;0.3; LM 
6355;DESAT EST SEC EM REDE MULTIPLEXADA LM;UN;RETIRAR;0.15; LM 
6973;DESAT IP CJ ILUM PST ORNAM;UN;RETIRAR;0.5; LM 
6370;DESAT ISOLADOR PILAR LM;UN;RETIRAR;0.5; LM 
6540;DESAT ISOLADOR PINO LM;UN;RETIRAR;0.16; LM 
7198;DESAT JUMPER NA REDE MT/BT LM;UN;RETIRAR;0.19; LM 
6470;EST ILUM DESAT LUMIN SIMPLES LM;UN;RETIRAR;0.5; LM 
6359;DESAT MAO FRANC LM;UN;RETIRAR;0.2; LM 
6212;DESAT MED EM CAIXA CP-REDE BIFASICO LM;UN;RETIRAR;0.85; LM 
6249;DESAT MED EM CAIXA CP-REDE MONOFAS LM;UN;RETIRAR;0.7; LM 
6213;DESAT MED EM CAIXA CP-REDE TRIFASICO LM;UN;RETIRAR;1.25; LM 
6217;DESAT MED EM CAIXA CP-TRAFO LM;UN;RETIRAR;1.1; LM 
7201;DESAT N1, M1, B1 CRZ DE CONC LM;UN;RETIRAR;0.75; LM 
7204;DESAT N2, M2, B2 CRZ DE CONC LM;UN;RETIRAR;0.75; LM 
7046;DESAT PADRAO CONCR M1/T1 COM ATERRAM LM;UN;RETIRAR;3; LM 
6055;DESAT PARA-RAIOS RD < 34,5 KV LM;UN;RETIRAR;0.3; LM 
6289;DESAT POSTE ACIMA 13 LM;UN;RETIRAR;4.5; LM 
6230;DESAT POSTE ATE 13 <69KV GUIND LM;UN;RETIRAR;3; LM 
6608;DESAT POSTE ATE 13 <69KV MANUAL LM;UN;RETIRAR;4.5; LM 
6296;DESAT RAMAL SERVICO BIFASICO LM;UN;RETIRAR;0.2; LM 
6297;DESAT RAMAL SERVICO MONOFASICO LM;UN;RETIRAR;0.2; LM 
6298;DESAT RAMAL SERVICO TRIFASICO LM;UN;RETIRAR;0.2; LM 
6290;DESAT REGUL NA REDE MT LM;UN;RETIRAR;3; LM 
6291;DESAT RELIGADOR NA REDE MT LM;UN;RETIRAR;3; LM 
6061;DESAT TRANSF DISTRIBUIC AEREO 3F LM;UN;RETIRAR;3; LM 
6056;DESAT TRANSF DIST AEREO MONOFASICO LM;UN;RETIRAR;2; LM 
92327;DIµRIA HOSPEDAGEM ALIMENTA€ÇO FORA DA REGIONAL (POR COLABORADOR) - LM - UN;UN;INSTALAR;2.46; LM 
6133;DISP H-MAQ P/EXEC SERV LM;HORA;INSTALAR;10.18; LM 
6317;DISTR PST RUR LM;UN;INSTALAR;3; LM 
6466;SERV TEC LM DIST PST OBRA LM (URBANO);UN;INSTALAR;3; LM 
6642;EFET LIG RUR FORA REDE REGIONAL ELETROM;UN;INSTALAR;0.5; LM 
6378;EFET LOCACAO PST AREA RUR LM;UN;INSTALAR;1.5; LM 
7029;EFET LOCACAO PST AREA URBANA LM;UN;INSTALAR;0.76; LM 
7037;EFET MANOBRA CHAV FUS AB/FEC LM;UN;INSTALAR;1; LM 
7036;EFET MANOBRA CHAV FACA AB/FEC LM;UN;INSTALAR;1; LM 
6255;EFET MAN CX CP REDE LM;UN;INSTALAR;1.3; LM 
6982;EFETUAR MEDICAO ATERR TRANSFORMADOR;UN;INSTALAR;1.3; LM 
7038;EFET MED INSTANT TRANSFORM LM;UN;INSTALAR;1.3; LM 
6379;ELAB PLANO CONTR AMB C/DES LM;KM;INSTALAR;15; LM 
6380;ELAB PLANO CONTR AMB S/DES LM;KM;INSTALAR;13; LM 
6381;EMEND CABO MENS REDE COMPACTA LM;UN;INSTALAR;1; LM 
6382;EMEND CABO MULTIP LM;UN;INSTALAR;1; LM 
6318;EMEND COND PRIM PROTEG LM;UN;INSTALAR;1; LM 
92324;HORA DO COLABORADOR EM DISPONIBILIDADE PARA OUTRA REGIONAL - LM;UN;INSTALAR;0.91; LM 
6415;INSPEC RDU P/LOCALIZ DEF LM;KM;INSTALAR;1.3; LM 
6412;INSPEC ESTR RDR P/MANUT PREV LM;POSTE;INSTALAR;0.28; LM 
6413;INSPEC ESTR RDU P/MANUT PREV LM;POSTE;INSTALAR;0.28; LM 
6414;INSPEC LDR P/LOCALIZ DEF LM;KM;INSTALAR;2.1; LM 
6299;INSPEC POST TRAN RUR LM;UN;INSTALAR;0.9; LM 
6641;SERV PROJ INSPECIONAR REDE RURAL KM;POS;INSTALAR;0.34; LM 
6633;INST CABO ALUM NU  =< 2/0AWG LM;KM;INSTALAR;23; LM 
6632;INST CABO ALUM NU > 2/0 LM;KM;INSTALAR;28; LM 
6220;INST CAIXA MED CPREDE 1 MEDID ELETROM LM;UN;INSTALAR;1.5; LM 
6221;INST CAIXA MED CP-REDE CONEX/RAMAIS LM;UN;INSTALAR;3.55; LM 
6475;INST CB MENSAG REDE PROTEG CORDO9,5MM LM;KM;INSTALAR;28; LM 
6069;INST CH SECC S/LAM TER MONO MAN <69KV;UN;INSTALAR;1; LM 
6073;INST CHAVE FUSIVEL 3 OP < 34,5 KV;CJ;INSTALAR;1.3; LM 
6074;INST CHAVE FUSIVEL 3 OP => 34,5 KV;CJ;INSTALAR;1.3; LM 
6405;INST COBERTURA REDE MT/FASE LM;VAO;INSTALAR;1.5; LM 
6572;INST ESPAC REDE BT TUBO DE PVC LM;UN;INSTALAR;0.15; LM 
6573;INST ESTR PRIM CE1-A LM;UN;INSTALAR;2; LM 
6575;INST ESTR PRIM CE2 LM;UN;INSTALAR;2; LM 
6577;INST ESTR PRIM CE3 LM;UN;INSTALAR;5; LM 
6656;INST ESTRUT PRIM N23/M23/B23 LM;UN;INSTALAR;5; LM 
6311;INST ISOLADOR DISCO LM;UN;INSTALAR;0.5; LM 
6431;INST ISOLADOR PINO FIM DE REDE LM;UN;INSTALAR;0.5; LM 
6432;INST ISOLADOR PINO TANGENTE LM;UN;INSTALAR;0.5; LM 
6309;INST PARA-RAIOS RD <34,5 KV LM;UN;INSTALAR;1; LM 
6635;INST PLACA ALUS LM;UN;INSTALAR;60; LM 
6459;INST SEPARADOR VERTICAL 50/185MMý LM;UN;INSTALAR;2; LM 
8091;INST SUP P/TRANSF <69KV LM;UN;INSTALAR;0.4; LM 
7292;INST AFAST RD SEC 500MM LM;UN;INSTALAR;0.12; LM 
7295;INST AMARRACAO MT/BT LM;UN;INSTALAR;0.06; LM 
6241;INST ATER POR HASTE LM;UN;INSTALAR;0.5; LM 
6878;INST CB AL MULTIPLEX TODOS LM;KM;INSTALAR;54.67; LM 
6385;INST CABO AL NU  =<2/0CA/CAAAWG LM;KM;INSTALAR;23; LM 
6384;INST CABO AL NU >2/0CA/CAAAWG LM;KM;INSTALAR;28; LM 
6399;INST CB AL PROTEG =<95MMý LM;KM;INSTALAR;46; LM 
6474;INST CB AL PROTEG >95MMý LM;KM;INSTALAR;56; LM 
6877;SERV OFIC INST CABO MENS CORD ACO LM;METRO;INSTALAR;0.02; LM 
6549;INST CAIXA MED CP TRAFO ELETROM LM;UN;INSTALAR;4.33; LM 
6396;INST BANCO CAPACITOR 300KVAR LM;CJ;INSTALAR;11.28; LM 
6397;INST BANCO CAPACITOR 600KVAR LM;CJ;INSTALAR;11.88; LM 
6322;INST BANCO CAPACITOR 900KVAR LM;CJ;INSTALAR;12.48; LM 
6398;INST CAPACITOR DE MT MONOPOLAR LM;UN;INSTALAR;1; LM 
6071;INST CHAVE FUSIVEL < 34,5 KV LM;UN;INSTALAR;1; LM 
6072;INST CHAVE FUSIVEL => 34,5KV LM;UN;INSTALAR;1; LM 
6233;INST CINTA CX CP REDE PST LM;UN;INSTALAR;0.5; LM 
6234;INST CONEC RD PRIM LM;UN;INSTALAR;0.2; LM 
6235;INST CONEC RD SEC LM;UN;INSTALAR;0.1; LM 
6409;INST CRUZAMENTO AEREO BT FLY TAP LM;UN;INSTALAR;0.2; LM 
6408;INST CRUZAMENTO AEREO MT FLY TAP  LM;UN;INSTALAR;0.4; LM 
7338;INST CRZ DUP BAS DE EQ ESP MAD OU FIB LM;UN;INSTALAR;3.33; LM 
7339;INST CRZ DUP BAS EQ ESP CONC LM;UN;INSTALAR;6.67; LM 
6462;INST EMENDA COND C/LUVA PREF LM;UN;INSTALAR;0.6; LM 
6319;INST EMENDA COND PRIM/SEC NU LM;UN;INSTALAR;0.6; LM 
6417;INST ESCORA SUBSOLO PST EXISTENTE-02 ESC;UN;INSTALAR;0.75; LM 
6427;INST ESPACADOR LOSANG 35A185MMý LM;UN;INSTALAR;1; LM 
6418;INST ESPACADOR REDE BT LM;UN;INSTALAR;0.15; LM 
6421;INST ESTAI ANCORA CAVA SIMPLES LM;UN;INSTALAR;5; LM 
6560;INST ESTAI ANCORA EQUIP S/EXPLOSIVO LM;UN;INSTALAR;9.5; LM 
6422;INST ESTAI CRUZETA LM;UN;INSTALAR;2.5; LM 
6416;INST ESCORA SUBSOLO PST A IMPLANT-02 ESC;UN;INSTALAR;1.5; LM 
6428;INST ESTRIBO REDE BT LM;UN;INSTALAR;0.1; LM 
6244;INST ESTRIBO REDE MT LM;UN;INSTALAR;0.2; LM 
6424;INST ESTR PRIM CE1/CE1-A/CE2 LM;UN;INSTALAR;2; LM 
6574;INST ESTR PRIM CE1-C LM;UN;INSTALAR;2; LM 
6579;INST ESTR PRIM CE-CF LM;UN;INSTALAR;5; LM 
6580;INST ESTR PRIM CE-CS LM;UN;INSTALAR;5; LM 
6581;INST ESTR PRIM CEE-CS LM;UN;INSTALAR;5; LM 
6582;INST ESTR PRIM DN1 LM;UN;INSTALAR;5; LM 
6583;INST ESTR PRIM DN2 LM;UN;INSTALAR;5; LM 
6584;INST ESTR PRIM DN3 LM;UN;INSTALAR;5; LM 
6586;INST ESTR PRIM DN4-SEM CHAVE LM;UN;INSTALAR;5; LM 
6325;INST ESTRUTURA PRIM HS LM;UN;INSTALAR;5; LM 
6386;INST ESTR PRIM HT LM;UN;INSTALAR;12; LM 
6387;INST ESTRUTURA PRIM N1/M1/B1 LM;UN;INSTALAR;2; LM 
6388;INST ESTRUTURA PRIM N2/M2/B2/B2-E LM;UN;INSTALAR;2; LM 
7395;INST ESTR. PRIM N3, M3, B3 CRZ CONC LM;UN;INSTALAR;7.48; LM 
6389;INST ESTR PRIM N3/B3/T3 LM;UN;INSTALAR;5; LM 
6391;INST ESTR PRIM N3-2/M3-2/N2-3/M2-3 LM;UN;INSTALAR;5; LM 
6327;INST ESTR PRIM N3-N3/M3-M3 LM;UN;INSTALAR;5; LM 
7396;INST ESTR. PRIM N4, M4, B4 CRZ CONC LM;UN;INSTALAR;7.5; LM 
6392;INST ESTR PRIM N4/B4/T4 LM;UN;INSTALAR;5; LM 
6594;INST ESTR PRIM N4/N4E/M4/B4/B4E C/CH LM;UN;INSTALAR;7; LM 
6393;INST ESTR PRIM P1,PT1,PTA1 LM;UN;INSTALAR;2.4; LM 
6960;INST ESTR PRIM P2,PT2 LM;UN;INSTALAR;2.4; LM 
6394;INST ESTR PRIM P3 LM;UN;INSTALAR;6; LM 
6395;INST ESTR PRIM P4 LM;UN;INSTALAR;6; LM 
7394;INST ESTR. PRIM ?  TE E T4 CRZ CONC LM;UN;INSTALAR;11.97; LM 
6400;INST ESTR PRIM U1/U2 LM;UN;INSTALAR;0.8; LM 
6401;INST ESTR PRIM U3/U4 LM;UN;INSTALAR;2; LM 
6589;INST ESTR PRIM U3-2/U2-3 LM;UN;INSTALAR;2; LM 
6402;INST EST SEC EM REDE CONVENCIONAL LM;UN;INSTALAR;1; LM 
6403;INST EST SEC EM REDE MULTIPLEXADA LM;UN;INSTALAR;0.5; LM 
6383;INST ESTR PRIM CE3/CE4 LM;UN;INSTALAR;5; LM 
7043;INST GRAMPO LINHA VIVA COM JUMPER LM;UN;INSTALAR;0.3; LM 
6429;INST ISOLADOR CADEIA LM;UN;INSTALAR;0.5; LM 
6430;INST ISOLADOR PILAR LM;UN;INSTALAR;0.5; LM 
6563;INST ISOLADOR PINO LM;UN;INSTALAR;0.5; LM 
7418;INST JUMPER NA REDE MT/BT LM;UN;INSTALAR;0.19; LM 
6411;INST KIT INST ELET RES INT BAIX RENDA LM;UN;INSTALAR;3.38; LM 
6634;INST LACRE MED E/OU CX MED LM;UN;INSTALAR;1; LM 
6247;EST  ILUM INST LUMIN SIMPLES LM;UN;INSTALAR;2.5; LM 
6472;INST MAO FRANC LM;UN;INSTALAR;0.2; LM 
6195;INST MED MEDIA TENSAO CONJ TCS E TPS;CJ;INSTALAR;11; LM 
6239;INST MED EM CAIXA CP-TRAFO LM;UN;INSTALAR;2.5; LM 
6420;INST MED PADRAO AREA RUR ELETROMECANICO;UN;INSTALAR;0.5; LM 
7423;INST N1, M1, B1 CRZ DE CONC LM;UN;INSTALAR;2.99; LM 
7426;INST N2, M2, B2 CRZ DE CONC LM;UN;INSTALAR;2.99; LM 
7429;INST N2-3 / M2-3 CRZ DE CONC LM;UN;INSTALAR;7.5; LM 
6423;INST PADR ENERG BIFASICO LM;UN;INSTALAR;2; LM 
6240;INST PADR ENERG MONOFASICO LM;UN;INSTALAR;2; LM 
6242;INST PADR ENERG TRIFASICO LM;UN;INSTALAR;2; LM 
6196;INST PADR ENERG TRIF T5/T6/T7-INDIR LM;UN;INSTALAR;16; LM 
6082;INST PARA-RAIOS RD < 34,5 KV LM;UN;INSTALAR;1; LM 
6083;INST PARA-RAIOS RD => 34,5 KV LM;UN;INSTALAR;1; LM 
6661;FORN/INST PLACA DE OBRA;UN;INSTALAR;60; LM 
6425;INST POSTE ACIMA 13M LM;UN;INSTALAR;4.5; LM 
6243;INST POSTE ATE 13M <69KV GUIN LM;UN;INSTALAR;3; LM 
6426;INST POSTE ATE 13M <69KV MANUAL LM;UN;INSTALAR;4; LM 
6329;INST POSTO TRANSF ESTRUT MT1 LM;UN;INSTALAR;22; LM 
6330;INST POSTO TRANSF ESTRUT MT2 LM;UN;INSTALAR;25; LM 
6216;INS RAMAL ENTR C/ELETR CX CP RD LM;UN;INSTALAR;1.2; LM 
6253;INST RAMAL SERVICO BIFASICO LM;UN;INSTALAR;0.5; LM 
6250;INST RAMAL SERVICO MONOFASICO LM;UN;INSTALAR;0.5; LM 
6254;INST RAMAL SERVICO TRIFASICO LM;UN;INSTALAR;0.5; LM 
6390;INST REGULADOR TENSAO NA REDE MT LM;UN;INSTALAR;11; LM 
6458;INST RELIG TRIP NA REDE MT LM;UN;INSTALAR;11; LM 
6332;INST SAPATA PANTANO COM MANILHA;UN;INSTALAR;15; LM 
6595;INST SAPATA PANTANO COM TAMBOR;UN;INSTALAR;15; LM 
6596;INST SAPATA PANTANO COM TORA;UN;INSTALAR;15; LM 
6636;INST SEPARADOR VERTICAL 50/185MMý LM;UN;INSTALAR;2; LM 
6092;INST TRANSF DISTRIBUIC AEREO MONO LM;UN;INSTALAR;8; LM 
6093;INST TRANSF DISTRIBUIC AEREO TRIF LM;UN;INSTALAR;11; LM 
92325;KM RODADO EM DESLOCAMENTO PARA OUTRA REGIONAL (POR COLABORADOR) - LM - KM;KM;INSTALAR;0.02; LM 
6333;LANCAR COND ELETR SUBTER LM;M.LINEAR;INSTALAR;0.05; LM 
6473;INST ELETRODUTO REDE SUBTERRANEA TODOS;M.LINEAR;INSTALAR;0.05; LM 
6377;EFET LEVANTAM GEOREF RDR LM;KM;INSTALAR;2.25; LM 
6169;LIMP FAIXA CAMPO-10M LARGURA;HEC;INSTALAR;11; LM 
6128;LIMP FAIXA CERRADO E CAPOEIRA;HEC;INSTALAR;16.13; LM 
6137;LIMP FAIXA SERVIDAO MECANIZADA;HEC;INSTALAR;28.82; LM 
6129;LIMP FAIXA VEGETACAO DENSA;HEC;INSTALAR;22; LM 
6445;MUDAR TAP TRANSF LM;UN;INSTALAR;0.5; LM 
6446;NIVELAR COND TODAS FASES LM;KM;INSTALAR;8; LM 
6603;NIVELAR COND AT P/FASE LM;KM;INSTALAR;2.67; LM 
6614;NIVELAR COND BT P/FASE LM;KM;INSTALAR;2; LM 
6246;NIVELAR COND RAMAL SERV LM;UN;INSTALAR;0.5; LM 
6447;NIVELAR CRUZETA LM;UN;INSTALAR;0.5; LM 
6223;CODIF EQUIP DISTRIBUICAO LM;UN;INSTALAR;0.1; LM 
6170;OPER CHAVE FACA AB E FC EMERG LM;UN;INSTALAR;0.5; LM 
6171;OPER CHAVE FUS AB E FC EMERG LM;UN;INSTALAR;0.5; LM 
6448;OPER RELIG/DISJ AB E FC LM;UN;INSTALAR;0.5; LM 
6335;PINTAR N§ PATR EQU INST LM;UN;INSTALAR;0.5; LM 
6438;PINT NUM PST C/FORNEC MAT LM;POSTE;INSTALAR;0.5; LM 
6156;PODAR ARV GRANDE LM;UN;INSTALAR;0.7; LM 
6155;SERV OFIC PODAR ARVORE RURAL LM;UN;INSTALAR;0.7; LM 
6181;SERVI€O EXCLUSIVO DE PODA DE ARVORE URB/RUR  C/RECOLHA;UN;INSTALAR;0.73; LM 
6182;SERVI€O EXCLUSIVO DE PODA DE ARVORE URB/RUR  S/RECOLHA;UN;INSTALAR;0.5; LM 
6439;REAP CONEXOES PRIMARIAS LM;UN;INSTALAR;0.2; LM 
6440;REAP CONEXOES SECUNDARIAS LM;UN;INSTALAR;0.1; LM 
6883;REAP E REG CHAVE FUS LM;UN;INSTALAR;0.38; LM 
6441;REAP PARAFUSO ESTRUT PRIM LM;UN;INSTALAR;0.5; LM 
6210;EFET RECUPER CX CP REDE LM;UN;INSTALAR;0.08; LM 
6442;REEMB ATEST ALINH POR RUA LM;UN;INSTALAR;0.5; LM 
6295;REEMB ATEST ALINH POR PST LM;UN;INSTALAR;0.1; LM 
6444;REFAZ AMARR BT LM;UN;INSTALAR;0.1; LM 
6443;REFAZ AMARR MT LM;UN;INSTALAR;0.2; LM 
6598;REINST CH MONO FUSIVEL 3 OPERACOES LM;CJ;INSTALAR;1.19; LM 
6598;REINST CH MONO FUSIVEL 3 OPERACOES LM;CJ;RETIRAR;0.51; LM 
6437;REINST CH MONO FUSIVEL LM;UN;INSTALAR;0.91; LM 
6437;REINST CH MONO FUSIVEL LM;UN;RETIRAR;0.39; LM 
6479;REINST CH TRIP OMNI RUPTER ABER CARGA LM;CJ;INSTALAR;10.5; LM 
6479;REINST CH TRIP OMNI RUPTER ABER CARGA LM;CJ;RETIRAR;4.5; LM 
6463;REINST PARA-RAIO RD < 34,5KV LM;UN;INSTALAR;0.91; LM 
6463;REINST PARA-RAIO RD < 34,5KV LM;UN;RETIRAR;0.39; LM 
6530;REINST PARA-RAIO RD > = 34,5KV LM;UN;INSTALAR;0.91; LM 
6530;REINST PARA-RAIO RD > = 34,5KV LM;UN;RETIRAR;0.39; LM 
6655;REINST SERV TEC ESPACADOR BT LM;UN;INSTALAR;0.14; LM 
6655;REINST SERV TEC ESPACADOR BT LM;UN;RETIRAR;0.06; LM 
6975;REINST AFASTADOR 500MM LM;UN;INSTALAR;0.08; LM 
6975;REINST AFASTADOR 500MM LM;UN;RETIRAR;0.04; LM 
7540;REINST CADEIA DISCO COMPLETA LM;UN;INSTALAR;1.28; LM 
7540;REINST CADEIA DISCO COMPLETA LM;UN;RETIRAR;0.55; LM 
6436;REINST CH MONO FACA LM;UN;INSTALAR;0.91; LM 
6436;REINST CH MONO FACA LM;UN;RETIRAR;0.39; LM 
6947;REINST CONDUT ALUMIN ACIMA DE 2/0 AWG LM;KM;INSTALAR;18.62; LM 
6947;REINST CONDUT ALUMIN ACIMA DE 2/0 AWG LM;KM;RETIRAR;7.98; LM 
6948;REINST CONDUT AL ATE 2/0 AWG INCLUS LM;KM;INSTALAR;14.21; LM 
6948;REINST CONDUT AL ATE 2/0 AWG INCLUS LM;KM;RETIRAR;6.09; LM 
6950;REINST CONDUTOR ALUM PROT =< 95 MMý LM;KM;INSTALAR;18.62; LM 
6950;REINST CONDUTOR ALUM PROT =< 95 MMý LM;KM;RETIRAR;7.98; LM 
6949;REINST CONDUTOR ALUM PROT > 95 MMý LM;KM;INSTALAR;18.62; LM 
6949;REINST CONDUTOR ALUM PROT > 95 MMý LM;KM;RETIRAR;7.98; LM 
6951;REINST COND AL SECUND MULTIPLEX TODOS LM;KM;INSTALAR;36.66; LM 
6951;REINST COND AL SECUND MULTIPLEX TODOS LM;KM;RETIRAR;15.71; LM 
6907;REINST CRUZAMENTO AEREO FLY TAP BT LM;UN;INSTALAR;0.2; LM 
6907;REINST CRUZAMENTO AEREO FLY TAP BT LM;UN;RETIRAR;0.08; LM 
6906;REINST CRUZAMENTO AEREO FLY TAP MT LM;UN;INSTALAR;0.39; LM 
6906;REINST CRUZAMENTO AEREO FLY TAP MT LM;UN;RETIRAR;0.16; LM 
7558;REINST ESP LO / VERT CB 35 A 185 LM;UN;INSTALAR;1.32; LM 
7558;REINST ESP LO / VERT CB 35 A 185 LM;UN;RETIRAR;0.57; LM 
6918;REINST ESTAI CON-PST/CRUZ-PST/PST-PST LM;UN;INSTALAR;1.6; LM 
6918;REINST ESTAI CON-PST/CRUZ-PST/PST-PST LM;UN;RETIRAR;0.68; LM 
6917;REINST ESTAI CRUZETA A CRUZETA LM;UN;INSTALAR;1.6; LM 
6917;REINST ESTAI CRUZETA A CRUZETA LM;UN;RETIRAR;0.68; LM 
7580;REINST ESTR. PRIM ?  T4 E TE CRZ CONC LM;UN;INSTALAR;7.34; LM 
7580;REINST ESTR. PRIM ?  T4 E TE CRZ CONC LM;UN;RETIRAR;3.14; LM 
7584;REINST ESTRUTURA PRIM CE1/CE1-A LM;UN;INSTALAR;1.47; LM 
7584;REINST ESTRUTURA PRIM CE1/CE1-A LM;UN;RETIRAR;0.63; LM 
6923;REINST ESTRUTURA PRIM CE2 LM;UN;INSTALAR;1.47; LM 
6923;REINST ESTRUTURA PRIM CE2 LM;UN;RETIRAR;0.63; LM 
6925;REINST ESTRUTURA PRIM CE3 LM;UN;INSTALAR;5.88; LM 
6925;REINST ESTRUTURA PRIM CE3 LM;UN;RETIRAR;2.52; LM 
6926;REINST ESTRUTURA PRIM CE4 LM;UN;INSTALAR;5.88; LM 
6926;REINST ESTRUTURA PRIM CE4 LM;UN;RETIRAR;2.52; LM 
6933;REINST ESTRUTURA PRIM HT/HTE LM;UN;INSTALAR;7.36; LM 
6933;REINST ESTRUTURA PRIM HT/HTE LM;UN;RETIRAR;3.15; LM 
6519;REINST ESTRUTURA PRIMARIA MRT U1,U2 LM;UN;INSTALAR;0.48; LM 
6519;REINST ESTRUTURA PRIMARIA MRT U1,U2 LM;UN;RETIRAR;0.21; LM 
6520;REINST ESTRUTURA PRIMARIA MRT U3,U4 LM;UN;INSTALAR;1.2; LM 
6520;REINST ESTRUTURA PRIMARIA MRT U3,U4 LM;UN;RETIRAR;0.52; LM 
7592;REINST ESTRUTURA PRIM N1/M1/B1 CONC LM;UN;INSTALAR;1.83; LM 
7592;REINST ESTRUTURA PRIM N1/M1/B1 CONC LM;UN;RETIRAR;0.79; LM 
6511;REINST ESTRUTURA PRIM N2/M2/B2/B2-E LM;UN;INSTALAR;1.23; LM 
6511;REINST ESTRUTURA PRIM N2/M2/B2/B2-E LM;UN;RETIRAR;0.52; LM 
7582;REINST ESTR. PRIM N3, M3, B3 CRZ CONC LM;UN;INSTALAR;4.59; LM 
7582;REINST ESTR. PRIM N3, M3, B3 CRZ CONC LM;UN;RETIRAR;1.96; LM 
6513;REINST ESTRUTURA PRIM N4/M4/B4 LM;UN;INSTALAR;3.07; LM 
6513;REINST ESTRUTURA PRIM N4/M4/B4 LM;UN;RETIRAR;1.31; LM 
6516;REINST ESTRUTURA PRIM T4/TE/T4-T LM;UN;INSTALAR;4.9; LM 
6516;REINST ESTRUTURA PRIM T4/TE/T4-T LM;UN;RETIRAR;2.1; LM 
6517;REINST ESTR PRIM TIPO P1, PT1 OU PTA1 LM;UN;INSTALAR;1.41; LM 
6517;REINST ESTR PRIM TIPO P1, PT1 OU PTA1 LM;UN;RETIRAR;0.61; LM 
6521;REINST ESTRUTURA PRIMARIA TIPO P3 LM;UN;INSTALAR;3.53; LM 
6521;REINST ESTRUTURA PRIMARIA TIPO P3 LM;UN;RETIRAR;1.51; LM 
6522;REINST ESTRUTURA PRIMARIA TIPO P4 LM;UN;INSTALAR;3.53; LM 
6522;REINST ESTRUTURA PRIMARIA TIPO P4 LM;UN;RETIRAR;1.51; LM 
6938;REINST ESTRUTURA SECUNDARIA CONVENCIONAL;UN;INSTALAR;0.74; LM 
6938;REINST ESTRUTURA SECUNDARIA CONVENCIONAL;UN;RETIRAR;0.31; LM 
7595;REINST ISOLADOR DE PINO LM;UN;INSTALAR;0.32; LM 
7595;REINST ISOLADOR DE PINO LM;UN;RETIRAR;0.14; LM 
7524;REINS N2, M2, B2 CRZ DE CONC LM;UN;INSTALAR;1.83; LM 
7524;REINS N2, M2, B2 CRZ DE CONC LM;UN;RETIRAR;0.79; LM 
7531;REINST  N4, M4, B4 CRZ CONC LM;UN;INSTALAR;4.59; LM 
7531;REINST  N4, M4, B4 CRZ CONC LM;UN;RETIRAR;1.97; LM 
6336;REINST POSTE ACIMA DE 13M LM;UN;INSTALAR;4.42; LM 
6336;REINST POSTE ACIMA DE 13M LM;UN;RETIRAR;1.89; LM 
6338;REINST POSTE DE 8,5 ATE 13M LM;UN;INSTALAR;2.95; LM 
6338;REINST POSTE DE 8,5 ATE 13M LM;UN;RETIRAR;1.26; LM 
6523;REINST RAMAL SERVICO CONSUM BIFASICO LM;UN;INSTALAR;0.34; LM 
6523;REINST RAMAL SERVICO CONSUM BIFASICO LM;UN;RETIRAR;0.15; LM 
6524;REINST RAMAL SERVICO CONSUM MONOF LM;UN;INSTALAR;0.34; LM 
6524;REINST RAMAL SERVICO CONSUM MONOF LM;UN;RETIRAR;0.15; LM 
6525;REINST RAMAL SERVICO CONSUM TRIFASICO LM;UN;INSTALAR;0.34; LM 
6525;REINST RAMAL SERVICO CONSUM TRIFASICO LM;UN;RETIRAR;0.15; LM 
6599;REINST REGULADOR TENSAO MONOPOLAR LM;UN;INSTALAR;8.1; LM 
6599;REINST REGULADOR TENSAO MONOPOLAR LM;UN;RETIRAR;3.47; LM 
6943;REINST  RELIG NA REDE MT LM;UN;INSTALAR;8.1; LM 
6943;REINST  RELIG NA REDE MT LM;UN;RETIRAR;3.47; LM 
6339;REINST TRANSF DIST AEREO MONOFASICO LM;UN;INSTALAR;5; LM 
6339;REINST TRANSF DIST AEREO MONOFASICO LM;UN;RETIRAR;2.14; LM 
6340;REINST TRANSF DIST TRIFASICO LM;UN;INSTALAR;6.87; LM 
6340;REINST TRANSF DIST TRIFASICO LM;UN;RETIRAR;2.95; LM 
6486;REMAN BANCO CAPACITOR 300 KVAR LM;UN;INSTALAR;1.12; LM 
6486;REMAN BANCO CAPACITOR 300 KVAR LM;UN;RETIRAR;0.48; LM 
6477;REMAN BANCO CAPACITOR 600 KVAR LM;UN;INSTALAR;1.12; LM 
6477;REMAN BANCO CAPACITOR 600 KVAR LM;UN;RETIRAR;0.48; LM 
6478;REMAN BANCO CAPACITOR 900 KVAR LM;UN;INSTALAR;0.78; LM 
6478;REMAN BANCO CAPACITOR 900 KVAR LM;UN;RETIRAR;0.34; LM 
6245;REMAN PST C/USO GUIND LM;UN;INSTALAR;4.2; LM 
6245;REMAN PST C/USO GUIND LM;UN;RETIRAR;1.8; LM 
6941;REMAN PST MANUAL LM;UN;INSTALAR;4.2; LM 
6941;REMAN PST MANUAL LM;UN;RETIRAR;1.8; LM 
6498;REMAN CADEIA ISOLADOR DISCO REDE LM;UN;INSTALAR;0.35; LM 
6498;REMAN CADEIA ISOLADOR DISCO REDE LM;UN;RETIRAR;0.15; LM 
6469;ESTRUT ILUM REMANEJAR LUMIN SIMPLES LM;UN;INSTALAR;2.1; LM 
6469;ESTRUT ILUM REMANEJAR LUMIN SIMPLES LM;UN;RETIRAR;0.9; LM 
6433;REMAN REG TENS MONO LM;UN;INSTALAR;9.8; LM 
6433;REMAN REG TENS MONO LM;UN;RETIRAR;4.2; LM 
6434;REMAN RELIG LM;UN;INSTALAR;9.8; LM 
6434;REMAN RELIG LM;UN;RETIRAR;4.2; LM 
6611;REMAN TRANSF MON LM;UN;INSTALAR;7; LM 
6611;REMAN TRANSF MON LM;UN;RETIRAR;3; LM 
6610;REMAN TRANSF TRIF LM;UN;INSTALAR;9.8; LM 
6610;REMAN TRANSF TRIF LM;UN;RETIRAR;4.2; LM 
6461;EFET REP CALC COM COM FORNEC MAT LM;UN;INSTALAR;2; LM 
6884;EFET REP CALC ESPEC COM FORN MAT LM;UN;INSTALAR;5; LM 
6435;REPAR COND C/PREFORM LM;UN;INSTALAR;0.2; LM 
6449;REPOSIC CRUZ N1/N2 OU B1/B2 LM;UN;INSTALAR;2; LM 
6450;REPOSIC CRUZ N3,N4 OU B3,B4,T3/T4 LM;UN;INSTALAR;6; LM 
6451;SERV OFIC RETENS ESTAI POSTE-ESTRUT LM;UN;INSTALAR;0.94; LM 
7635;RET DESMANTELAR ATER LM;UN;RETIRAR;0.7; LM 
6889;RET CASA JOAO BARRO LM;UN;RETIRAR;0.38; LM 
7640;RET. COND ISOL. DE BAR. DE TRANSF. LM;UN;RETIRAR;0.2; LM 
7174;RET ESTAI DE QUALQUER TIPO CORD LM;UN;RETIRAR;1; LM 
6288;RET OBJ ESTRANHO REDE LM;VAO;RETIRAR;0.3; LM 
6484;RET RAMAL ENTR C ELETROD CAIXA CP REDE;UN;RETIRAR;0.5; LM 
6452;SECCIONAR CERCA POR FIO LM;UN;INSTALAR;0.1; LM 
10521;SERV INSPECAO EM REDE RURAL LM;POSTE;INSTALAR;0.34; LM 
6367;SERV OFIC DESAT ESTAI POSTE-ESTRUT LM;UN;RETIRAR;1; LM 
6410;SERV OFIC INST CRUZETA LM;UN;INSTALAR;2; LM 
6615;SUBST PARA-RAIO < 34,5 kV LM;UN;INSTALAR;0.91; LM 
6615;SUBST PARA-RAIO < 34,5 kV LM;UN;RETIRAR;0.39; LM 
6893;SERC OFIC SUBS CABO ACO EM ESTAI LM;UN;INSTALAR;1.38; LM 
6893;SERC OFIC SUBS CABO ACO EM ESTAI LM;UN;RETIRAR;0.59; LM 
6501;SUBST ELO FUSIVEL LM;UN;INSTALAR;0.35; LM 
6501;SUBST ELO FUSIVEL LM;UN;RETIRAR;0.15; LM 
6653;EST ILUM SUBST LUMIN FECHADA LM;UN;INSTALAR;1.05; LM 
6653;EST ILUM SUBST LUMIN FECHADA LM;UN;RETIRAR;0.45; LM 
6502;SUBST MAO FRANCESA LM;UN;INSTALAR;0.28; LM 
6502;SUBST MAO FRANCESA LM;UN;RETIRAR;0.12; LM 
6506;SUBST PINO PARA ISOLADOR LM;UN;INSTALAR;0.35; LM 
6506;SUBST PINO PARA ISOLADOR LM;UN;RETIRAR;0.15; LM 
6503;SUBST PORTA FUSIVEL ELO FUSIVEL LM;UN;INSTALAR;0.35; LM 
6503;SUBST PORTA FUSIVEL ELO FUSIVEL LM;UN;RETIRAR;0.15; LM 
6545;SIST ILUM SUBST REATOR EXTERNO LM;UN;INSTALAR;0.14; LM 
6545;SIST ILUM SUBST REATOR EXTERNO LM;UN;RETIRAR;0.06; LM 
6609;SIST ILUM SUBST RELE FOTOELETRICO LM;UN;INSTALAR;0.14; LM 
6609;SIST ILUM SUBST RELE FOTOELETRICO LM;UN;RETIRAR;0.06; LM 
6481;SERV TRANSFORMAR TIPO N1 PARA N2;ESTRUT;INSTALAR;2; LM 
6527;SERV TRANSFORMAR TIPO N1 PARA N4;ESTRUT;INSTALAR;5.5; LM 
6482;SERV TRANSFORMAR TIPO N2 PARA N1;ESTRUT;INSTALAR;0.5; LM 
6483;SERV TRANSFORMAR TIPO N4 PARA N1;ESTRUT;INSTALAR;4; LM 
91023;TRANSPORTE DE POSTES COM CAMINHÇO TOCO/TRUCK POR KM;KM;INSTALAR;0.11; LM 
91024;TRANSPORTE DE POSTES COM CARRETA POR KM;KM;INSTALAR;0.13; LM 
6453;TRAT HST ATERR TR QU LABORGEL/SIMILAR LM;UN;INSTALAR;1; LM 
6454;VER SEQU FASE LM;ESTRUT;INSTALAR;0.75; LM 
6644;VISIT PREV CANT OBRA EXTE MAIO QUE 0,5KM;UN;INSTALAR;2.73; LM 
6645;VISIT PREV CANT OBRA EXTE MENO OU=0,5KM;UN;INSTALAR;2.27; LM 
6151;DESLOC EQUIP PESADA ACIMA 50 KM DA BASE;KM;INSTALAR;0.06; LM 
67000;MOBILIZA€ÇO E DESMOBILIZA€ÇO EQUIPE;UNID.;INSTALAR;6; LM 
4595;ALTERA€ÇO DE US - ITEM A SER UTILIZADO PARA PAGAMENTO DA DIFEREN€A NA MEDI€ÇO DE MÇO DE OBRA QUANDO HOUVER AJUSTE NO VALOR DA US.;UNID.;INSTALAR;; LM 
26376;SERV. EMERG. FORA DO HORARIO COMERCIAL-ADICIONAL 30%;UNID.;INSTALAR;; LM 
60163;VISITA IMPRODUTIVA - SEM ATUA€ÇO;UNID.;INSTALAR;; LM 
92525;SERV. EMERG. HORARIO COMERCIAL - ADICIONAL 12%;UNID.;INSTALAR;; LM 
6770;DESAT CABO AL CA PROTEG 185MM2 LV;M;RETIRAR;0,02;LV
6771;DESAT CABO AL CA PROTEG 50MM2 LV;M;RETIRAR;0,01;LV
6768;DESAT CABO AL NU PRIM CA/CAA 4/0A336 LV;M;RETIRAR;0,02;LV
6769;DESAT CABO AL NU PRIM CA/CAA 4A1/0 LV;M;RETIRAR;0,01;LV
6763;DESAT CAPACITOR MT MONOPOLAR LV;PE€;RETIRAR;0,37;LV
6765;DESAT CH 1P DS CARG-NR-MAN 3PC =>69KV LV;PE€;RETIRAR;0,42;LV
6859;DESAT CH SECCIONADORA  =>15KV BY PASS LV;PE€;RETIRAR;0,42;LV
8771;DESAT CH TRIP OLEO ABER CARGA < 69 KV LV;PE€;RETIRAR;1,19;LV
6766;DESAT CHAVE FUS <69KV 1F LV;PE€;RETIRAR;0,36;LV
7896;DESAT CHAVE FUS RELIG >= 34,5 KV 1F LV;PE€;RETIRAR;0,43;LV
6772;DESAT CRUZ DUPLA P BASE EQUIPAM ESPEC LV;PE€;RETIRAR;1;LV
6773;DESAT ESPAC LOSANG 50/185MMý LV;PE€;RETIRAR;0,35;LV
6356;DESAT ESPAC RD BT LV;PE€;RETIRAR;0,06;LV
6775;DESAT EST PRIM CE1 LV;PE€;RETIRAR;0,5;LV
6776;DESAT EST PRIM CE1-A LV;PE€;RETIRAR;0,5;LV
6778;DESAT EST PRIM CE2-CE3 LV;PE€;RETIRAR;2;LV
6793;DESAT EST PRIM N3-2/M3-2/N2-3/M2-3 LV 1C;PE€;RETIRAR;0,79;LV
6792;DESAT EST PRIM N3-2/M3-2/N2-3/M2-3 LV 2C;PE€;RETIRAR;1,04;LV
6788;DESAT ESTR PRIM N3/N3-E/M3/B3/B3-E LV;PE€;RETIRAR;0,93;LV
6789;DESAT ESTRUT PRIM N4/N4-E/M4/B4/B4-E LV;PE€;RETIRAR;1,04;LV
6777;DESAT ESTRUTURA PRIM CE2 LV;PE€;RETIRAR;0,5;LV
6779;DESAT ESTRUTURA PRIM CE3 LV;PE€;RETIRAR;2;LV
6780;DESAT ESTRUTURA PRIM CE4 LV;PE€;RETIRAR;2;LV
6791;DESAT ESTRUTURA PRIM HS LV;PE€;RETIRAR;1,14;LV
6785;DESAT ESTRUTURA PRIM HT/HTE LV;PE€;RETIRAR;1,5;LV
6786;DESAT ESTRUTURA PRIM N1/M1/B1 LV;PE€;RETIRAR;0,53;LV
6787;DESAT ESTRUTURA PRIM N2/M2/B2/B2-E LV;PE€;RETIRAR;0,93;LV
6783;DESAT ESTRUTURA PRIM U1 LV;PE€;RETIRAR;0,3;LV
6784;DESAT ESTRUTURA PRIM U2 LV;PE€;RETIRAR;0,3;LV
6781;DESAT ESTRUTURA PRIM U3/U3-2/U2-3 LV;PE€;RETIRAR;1;LV
6782;DESAT ESTRUTURA PRIM U4 LV;PE€;RETIRAR;1;LV
6847;DESAT ISOLADOR DISCO LV;PE€;RETIRAR;0,5;LV
6796;DESAT ISOLADOR PILAR LV;PE€;RETIRAR;0,29;LV
6794;DESAT ISOLADOR PINO FIM DE REDE LV;PE€;RETIRAR;0,32;LV
6795;DESAT ISOLADOR PINO TANGENTE LV;PE€;RETIRAR;0,29;LV
6799;DESAT PARA-RAIOS RD < 34,5 KV LV;PE€;RETIRAR;0,32;LV
6801;DESAT POSTE ACIMA DE 13 M LV;PE€;RETIRAR;4,5;LV
6800;DESAT POSTE DE 8,5 ATE 13 M LV;PE€;RETIRAR;1,7;LV
6802;DESAT REGUL TENSAO NA REDE MT;PE€;RETIRAR;1,51;LV
6803;DESAT RELIGADOR NA REDE MT LV;PE€;RETIRAR;1,19;LV
6858;DESAT CONECT E/OU TERM < 69 KV LV;PE€;RETIRAR;0,11;LV
6774;DESAT SEPARADOR VERTICAL 50/185MMý LV;PE€;RETIRAR;0,35;LV
6804;DESAT TRANSF DISTRIBUIC AEREO 1F LV;PE€;RETIRAR;2;LV
6761;DESATIVAR BANCO CAPACITOR 600 KVAR LV;CJ;RETIRAR;1,91;LV
6762;DESATIVAR BANCO CAPACITOR 900 KVAR LV;CJ;RETIRAR;3;LV
6790;DESATIVAR ESTRUT PRIM N1 COM MUFLA LV;PE€;RETIRAR;0,79;LV
6797;DESATIVAR MAO FRANCESA LV;PE€;RETIRAR;0,2;LV
92323;DIµRIA HOSPEDAGEM ALIMENTA€ÇO FORA DA REGIONAL (POR COLABORADOR) - LV;UN;INSTALAR;0,86;LV
6677;EMEND CABO MENS REDE PROTEGIDA LV;PE€;INSTALAR;0,6;LV
92321;HORA DO COLABORADOR EM DISPONIBILIDADE PARA OUTRA REGIONAL - LV;UN;INSTALAR;0,62;LV
6834;IDENTIFICAR SEQUENCIA FASES EM ALIM LV;UN;INSTALAR;0,28;LV
6681;INST BANCO CAPACITOR 600KVAR LV;PE€;INSTALAR;2,68;LV
6682;INST BANCO CAPACITOR 900KVAR LV;PE€;INSTALAR;0,48;LV
6683;INST CAPACITOR MT MONOPOLAR LV;PE€;INSTALAR;0,48;LV
92331;INST CH SECC S/LAM TER MONO MAN <69KV - LV;PE€;INSTALAR;0,55;LV
92330;INST CHAVE FUSIVEL 3 OP < 34,5 KV - LV;PE€;INSTALAR;1,3;LV
92329;INST CHAVE FUSIVEL 3 OP => 34,5 KV - LV;PE€;INSTALAR;1,3;LV
6691;INST CONEC RD SEC LV;PE€;INSTALAR;0,1;LV
6690;INST CONECTOR REDE PRIMARIA LV;PE€;INSTALAR;0,4;LV
6692;INST CRUZETA DUPLA LV;PE€;INSTALAR;2;LV
6419;INST ESPAC REDE BT LV;PE€;INSTALAR;0,2;LV
6693;INST ESPACADOR LOSANG 50/185MMý LV;PE€;INSTALAR;0,35;LV
6712;INST EST PRIM N4/N4-E/M4/B4/B4-E C CH LV;PE€;INSTALAR;2,12;LV
6714;INST EST SEC EM REDE CONVENCIONAL LV;PE€;INSTALAR;0,57;LV
6695;INST ESTAI CRUZETA A CRUZETA LV;PE€;INSTALAR;2,5;LV
6697;INST ESTR PRIM CE1 LV;PE€;INSTALAR;1,13;LV
6698;INST ESTR PRIM CE1-A LV;PE€;INSTALAR;1,13;LV
6699;INST ESTR PRIM CE1-C LV;PE€;INSTALAR;1,13;LV
6711;INST ESTR PRIM N3/N3-E/M3/B3/B3-E LV;PE€;INSTALAR;1,28;LV
6713;INST ESTRUT PRIM N4/N4-E/M4/B4/B4-E LV;PE€;INSTALAR;1,46;LV
6700;INST ESTRUTURA PRIM CE3 LV;PE€;INSTALAR;2,84;LV
6701;INST ESTRUTURA PRIM CE4 LV;PE€;INSTALAR;2,84;LV
6706;INST ESTRUTURA PRIM HT/HTE LV;PE€;INSTALAR;2,11;LV
6707;INST ESTRUTURA PRIM N1/M1/B1 LV;PE€;INSTALAR;0,7;LV
6709;INST ESTRUTURA PRIM N2/M2/B2/B2-E LV;PE€;INSTALAR;1,28;LV
6702;INST ESTRUTURA PRIM U1 LV;PE€;INSTALAR;0,8;LV
6703;INST ESTRUTURA PRIM U2 LV;PE€;INSTALAR;0,8;LV
6704;INST ESTRUTURA PRIM U3/U3-2/U2-3 LV;PE€;INSTALAR;2;LV
6705;INST ESTRUTURA PRIM U4 LV;PE€;INSTALAR;2;LV
6715;INST ISOLADOR DISCO LV;PE€;INSTALAR;0,4;LV
6718;INST ISOLADOR PILAR LV;PE€;INSTALAR;0,36;LV
6716;INST ISOLADOR PINO FIM DE REDE LV;PE€;INSTALAR;0,4;LV
6717;INST ISOLADOR PINO TANGENTE LV;PE€;INSTALAR;0,36;LV
6720;INST MEDICAO MT CONJUNTO TC E TP LV;CJ;INSTALAR;0,96;LV
6721;INST OLHAL LV;PE€;INSTALAR;0,28;LV
6722;INST PARA-RAIOS RD < 34,5 KV LV;PE€;INSTALAR;0,36;LV
6724;INST POSTE ACIMA DE 13 M LV;PE€;INSTALAR;4,5;LV
6723;INST POSTE ATE 13M <69KV GUIN LV;PE€;INSTALAR;1,7;LV
6726;INST REGULADOR TENSAO NA REDE MT LV;PE€;INSTALAR;2,11;LV
6725;INST RELIGADOR TENSAO NA REDE MT LV;PE€;INSTALAR;2,9;LV
6694;INST SEPARADOR VERTICAL 50/185MMý LV;PE€;INSTALAR;0,35;LV
6727;INST TRANSF DISTRIBUIC AEREO MONO LV;PE€;INSTALAR;8;LV
6728;INST TRANSF DISTRIBUIC AEREO TRIF LV;PE€;INSTALAR;11;LV
6710;INSTAL ESTR PRIM N3-2/M3-2/N2-3/M2-3  LV;PE€;INSTALAR;1,46;LV
6696;INSTALACAO ESTRIBO EM REDE EXIST AT  LV;PE€;INSTALAR;0,2;LV
6708;INSTALACAO ESTRUT PRIM N1 MUFLA LV;PE€;INSTALAR;1,34;LV
7953;INST CHAVE FUSIVEL < 34,5KV LV;PE€;INSTALAR;0,48;LV
7954;INST CHAVE FUSIVEL >= 34,5KV LV;PE€;INSTALAR;0,48;LV
92322;KM RODADO EM DESLOCAMENTO PARA OUTRA REGIONAL (POR COLABORADOR) - LV;KM;INSTALAR;0,01;LV
6612;PODAR ARVORE LINHA VIVA;UN;INSTALAR;0,5;LV
6733;REAPERT CONEXOES PRIMARIAS LV;PE€;INSTALAR;0,45;LV
6734;REAPERT CONEXOES SECUNDARIAS LV;PE€;INSTALAR;0,1;LV
6843;REINST CAPACITOR MT MONOPOLAR LV;PE€;INSTALAR;1,12;LV
6843;REINST CAPACITOR MT MONOPOLAR LV;PE€;RETIRAR;0,48;LV
6845;REINST CH FUSIVEL RELIG <34,5KV LV;PE€;INSTALAR;1,19;LV
6845;REINST CH FUSIVEL RELIG <34,5KV LV;PE€;RETIRAR;0,51;LV
6855;REINST CH FUSIVEL RELIG > = 34,5KV LV;PE€;INSTALAR;1,19;LV
6855;REINST CH FUSIVEL RELIG > = 34,5KV LV;PE€;RETIRAR;0,51;LV
6846;REINST CH TRIP DESLIGAM EM CARGA LV;PE€;INSTALAR;10,5;LV
6846;REINST CH TRIP DESLIGAM EM CARGA LV;PE€;RETIRAR;4,5;LV
6844;REINST CHAVE FUSIVEL <34,5KV LV;PE€;INSTALAR;0,91;LV
6844;REINST CHAVE FUSIVEL <34,5KV LV;PE€;RETIRAR;0,39;LV
6854;REINST CHAVE FUSIVEL > = 34,5KV LV;PE€;INSTALAR;0,91;LV
6854;REINST CHAVE FUSIVEL > = 34,5KV LV;PE€;RETIRAR;0,39;LV
6853;REINST CHAVE SECC FACA > =15KV LV;PE€;INSTALAR;0,91;LV
6853;REINST CHAVE SECC FACA > =15KV LV;PE€;RETIRAR;0,39;LV
6679;REINST CRUZAM AER FLY TAP BT JUMP LV;PE€;INSTALAR;0,14;LV
6679;REINST CRUZAM AER FLY TAP BT JUMP LV;PE€;RETIRAR;0,06;LV
6678;REINST CRUZAM AER FLY TAP MT JUMP LV;PE€;INSTALAR;0,28;LV
6678;REINST CRUZAM AER FLY TAP MT JUMP LV;PE€;RETIRAR;0,12;LV
6848;REINST PARA-RAIO RD > = 34,5KV LV;PE€;INSTALAR;0,91;LV
6848;REINST PARA-RAIO RD > = 34,5KV LV;PE€;RETIRAR;0,39;LV
6849;REINST POSTE ACIMA DE 13M LV;PE€;INSTALAR;4,2;LV
6849;REINST POSTE ACIMA DE 13M LV;PE€;RETIRAR;1,8;LV
6856;REINST POSTE DE 8,5 ATE 13M LV;PE€;INSTALAR;4,2;LV
6856;REINST POSTE DE 8,5 ATE 13M LV;PE€;RETIRAR;1,8;LV
6850;REINST REGULADOR TENSAO NA REDE MT LV;PE€;INSTALAR;9,8;LV
6850;REINST REGULADOR TENSAO NA REDE MT LV;PE€;RETIRAR;4,2;LV
6851;REINST TRANSF DIST MONOFASICO LV;PE€;INSTALAR;7;LV
6851;REINST TRANSF DIST MONOFASICO LV;PE€;RETIRAR;3;LV
6852;REINST TRANSF DIST TRIFASICO LV;PE€;INSTALAR;9,8;LV
6852;REINST TRANSF DIST TRIFASICO LV;PE€;RETIRAR;4,2;LV
6738;REMAN BANCO CAPACIT 300 KVAR < 69 KV LV;CJ;INSTALAR;1,12;LV
6738;REMAN BANCO CAPACIT 300 KVAR < 69 KV LV;CJ;RETIRAR;0,48;LV
6739;REMAN BANCO CAPACIT 600 KVAR < 69 KV LV;CJ;INSTALAR;1,12;LV
6739;REMAN BANCO CAPACIT 600 KVAR < 69 KV LV;CJ;RETIRAR;0,48;LV
6740;REMAN BANCO CAPACIT 900 KVAR < 69 KV LV;CJ;INSTALAR;1,12;LV
6740;REMAN BANCO CAPACIT 900 KVAR < 69 KV LV;CJ;RETIRAR;0,48;LV
6748;REMAN CADEIA ISOLADOR DISCO REDE LV;PE€;INSTALAR;0,35;LV
6748;REMAN CADEIA ISOLADOR DISCO REDE LV;PE€;RETIRAR;0,15;LV
6745;REMAN CH FUS MONO < 34,5 KV RELIG LV;PE€;INSTALAR;1,19;LV
6745;REMAN CH FUS MONO < 34,5 KV RELIG LV;PE€;RETIRAR;0,51;LV
6746;REMAN CH FUS MONO > = 34,5 KV RELIG LV;PE€;INSTALAR;1,19;LV
6746;REMAN CH FUS MONO > = 34,5 KV RELIG LV;PE€;RETIRAR;0,51;LV
6743;REMAN CH FUSIVEL < 34,5 KV LV;PE€;INSTALAR;0,91;LV
6743;REMAN CH FUSIVEL < 34,5 KV LV;PE€;RETIRAR;0,39;LV
6744;REMAN CH FUSIVEL > = 34,5 KV LV;PE€;INSTALAR;0,91;LV
6744;REMAN CH FUSIVEL > = 34,5 KV LV;PE€;RETIRAR;0,39;LV
6742;REMAN CH SECC FACA >= 15KV LV;PE€;INSTALAR;0,91;LV
6742;REMAN CH SECC FACA >= 15KV LV;PE€;RETIRAR;0,39;LV
6741;REMAN CH TRIP OLEO TRIP A CAR < 69 KV LV;PE€;INSTALAR;10,5;LV
6741;REMAN CH TRIP OLEO TRIP A CAR < 69 KV LV;PE€;RETIRAR;4,5;LV
6747;REMAN ESPACADOR NA REDE BT LV;PE€;INSTALAR;0,18;LV
6747;REMAN ESPACADOR NA REDE BT LV;PE€;RETIRAR;0,08;LV
6749;REMAN PARA-RAIO < 34,5KV LV;PE€;INSTALAR;0,91;LV
6749;REMAN PARA-RAIO < 34,5KV LV;PE€;RETIRAR;0,39;LV
6750;REMAN PARA-RAIO > = 34,5KV LV;PE€;INSTALAR;0,91;LV
6750;REMAN PARA-RAIO > = 34,5KV LV;PE€;RETIRAR;0,39;LV
6751;REMAN POSTE < 69 KV COM USO GUIND LV;PE€;INSTALAR;4,2;LV
6751;REMAN POSTE < 69 KV COM USO GUIND LV;PE€;RETIRAR;1,8;LV
6752;REMAN REG TENS MONOPOL <69KV LV;PE€;INSTALAR;9,8;LV
6752;REMAN REG TENS MONOPOL <69KV LV;PE€;RETIRAR;4,2;LV
6753;REMAN RELIGADOR TRIP NA REDE LV;PE€;INSTALAR;9,8;LV
6753;REMAN RELIGADOR TRIP NA REDE LV;PE€;RETIRAR;4,2;LV
6754;REMAN TRANSF DIST MONOFASICO LV;PE€;INSTALAR;7;LV
6754;REMAN TRANSF DIST MONOFASICO LV;PE€;RETIRAR;3;LV
6755;REMAN TRANSF DIST TRIFASICO LV;PE€;INSTALAR;9,8;LV
6755;REMAN TRANSF DIST TRIFASICO LV;PE€;RETIRAR;4,2;LV
6758;REPOSIC CRUZ N1/N2 OU B1/B2 LV;PE€;INSTALAR;2;LV
6759;REPOSIC CRUZ N3,N4 OU B3,B4,T3/T4 LV;PE€;INSTALAR;6;LV
6798;RETIRAR OBJETO ESTRANHO DA REDE LV;PE€;RETIRAR;0,36;LV
6760;SERV OFIC DESAT BCO CAPAC 300 KVAR LV;CJ;RETIRAR;1,6;LV
6680;SERV OFIC INST BCO CAPAC 300 KVAR LV;PE€;INSTALAR;2,24;LV
6730;SERV OFIC PODAR ARVORE URB;UN;INSTALAR;0,45;LV
7895;SERV SUBST ESTRUTURA PRIM HS LV;PE€;INSTALAR;0,32;LV
7895;SERV SUBST ESTRUTURA PRIM HS LV;PE€;RETIRAR;0,13;LV
7886;SERV SUBST ESTRUTURA TIPO4 C/CH FUSIV LV;PE€;INSTALAR;0,2;LV
7886;SERV SUBST ESTRUTURA TIPO4 C/CH FUSIV LV;PE€;RETIRAR;0,08;LV
6688;SERV TEC INST COBERT REDE FASE LV;VAO;INSTALAR;1,43;LV
6687;SERV TEC INST COBERTURA REDE BT FASE LV;VAO;INSTALAR;0,72;LV
6719;SERV TEC INST MAO FRANCESA LV;PE€;INSTALAR;0,2;LV
6676;SERV TEC LV EMENDAR COND PRIMAR PROTEG;PE€;INSTALAR;1;LV
6674;SERV TEC LV EMENDAR CONDUTOR PRIMARIO NU;PE€;INSTALAR;0,6;LV
6675;SERV TEC LV EMENDAR CONDUTOR SECUNDAR NU;PE€;INSTALAR;0,6;LV
6841;SERV TEC LV MONTAR PLATAFORMA;PE€;INSTALAR;1,5;LV
6729;SERV TEC LV NIVELAR CRUZ/COLOC BISSETRIZ;PE€;INSTALAR;0,45;LV
6732;SERV TEC LV REAP REGULAR CHAVE FUSIVEL;PE€;INSTALAR;0,25;LV
6731;SERV TEC LV REAP REGULAR CHAVE SECCION;PE€;INSTALAR;0,25;LV
6737;SERV TEC LV REFAZER AMARRACAO DE BT;PE€;INSTALAR;0,1;LV
6736;SERV TEC LV REFAZER AMARRACAO DE MT;PE€;INSTALAR;0,45;LV
92328;SERV TRANSFORMAR TIPO N1 PARA N2 - LV;UN;INSTALAR;0,7;LV
6831;SERVICOS TRANSFORMAR ESTR N1 PARA N4 LV;UN;INSTALAR;1,99;LV
6832;SERVICOS TRANSFORMAR ESTR N2 PARA N1 LV;UN;INSTALAR;0,53;LV
6833;SERVICOS TRANSFORMAR ESTR N4 PARA N1 LV;UN;INSTALAR;1,74;LV
6805;SUBST BARRAMENTO DE PARA-RAIOS;PE€;INSTALAR;0,42;LV
6805;SUBST BARRAMENTO DE PARA-RAIOS;PE€;RETIRAR;0,18;LV
10996;SUBST BRACO ANTI-BAL REDE COMPACTA LV;PE€;INSTALAR;0,32;LV
10996;SUBST BRACO ANTI-BAL REDE COMPACTA LV;PE€;RETIRAR;0,13;LV
6820;SUBST CABO ACO EM ESTAI ANCORA LV;PE€;INSTALAR;0,7;LV
6820;SUBST CABO ACO EM ESTAI ANCORA LV;PE€;RETIRAR;0,3;LV
6806;SUBST CAPACITOR CELULA 50 100 KVAR LV;PE€;INSTALAR;0,42;LV
6806;SUBST CAPACITOR CELULA 50 100 KVAR LV;PE€;RETIRAR;0,18;LV
6807;SUBST CHAVE FUSIV RELIG <34,5KV LV;PE€;INSTALAR;1,19;LV
6807;SUBST CHAVE FUSIV RELIG <34,5KV LV;PE€;RETIRAR;0,51;LV
6808;SUBST CHAVE FUSIV UNIP <34,5KV LV;PE€;INSTALAR;0,42;LV
6808;SUBST CHAVE FUSIV UNIP <34,5KV LV;PE€;RETIRAR;0,18;LV
6809;SUBST CONDUTORES  ISOL BAR TRANSFORMADOR;M;INSTALAR;0,18;LV
6809;SUBST CONDUTORES  ISOL BAR TRANSFORMADOR;M;RETIRAR;0,07;LV
6861;SUBST CONECTOR NA REDE MT/BT LV;PE€;INSTALAR;0,32;LV
6861;SUBST CONECTOR NA REDE MT/BT LV;PE€;RETIRAR;0,13;LV
6812;SUBST CRUZ 1 DE 2000-2400MM EST TP 1 LV;PE€;INSTALAR;0,46;LV
6812;SUBST CRUZ 1 DE 2000-2400MM EST TP 1 LV;PE€;RETIRAR;0,19;LV
6813;SUBST CRUZ 2 DE 2000-2400MM EST TP 2 LV;PE€;INSTALAR;0,46;LV
6813;SUBST CRUZ 2 DE 2000-2400MM EST TP 2 LV;PE€;RETIRAR;0,19;LV
6814;SUBST CRUZ 2 DE 2000-2400MM EST TP 3 LV;PE€;INSTALAR;0,6;LV
6814;SUBST CRUZ 2 DE 2000-2400MM EST TP 3 LV;PE€;RETIRAR;0,25;LV
6815;SUBST CRUZ 2 DE 2000-2400MM EST TP 4 LV;PE€;INSTALAR;0,67;LV
6815;SUBST CRUZ 2 DE 2000-2400MM EST TP 4 LV;PE€;RETIRAR;0,29;LV
6811;SUBST CRUZ 2 DE 5000MM EST TP HT/HTE LV;PE€;INSTALAR;1,05;LV
6811;SUBST CRUZ 2 DE 5000MM EST TP HT/HTE LV;PE€;RETIRAR;0,45;LV
6816;SUBST CRUZ DUPLA P BASE EQUIPAM ESPEC LV;PE€;INSTALAR;2,1;LV
6816;SUBST CRUZ DUPLA P BASE EQUIPAM ESPEC LV;PE€;RETIRAR;0,9;LV
6839;SUBST CRUZ EST TIPO 2 COM TRANSF LV;PE€;INSTALAR;2,03;LV
6839;SUBST CRUZ EST TIPO 2 COM TRANSF LV;PE€;RETIRAR;0,87;LV
6840;SUBST CRUZ EST TIPO 4 COM CH SEC FACA LV;PE€;INSTALAR;2,12;LV
6840;SUBST CRUZ EST TIPO 4 COM CH SEC FACA LV;PE€;RETIRAR;0,91;LV
6822;SUBST CRUZAM AEREO FLY TAP MT JAMP LV;PE€;INSTALAR;0,63;LV
6822;SUBST CRUZAM AEREO FLY TAP MT JAMP LV;PE€;RETIRAR;0,27;LV
6817;SUBST EMENDA DE COND MT NU LV;PE€;INSTALAR;0,42;LV
6817;SUBST EMENDA DE COND MT NU LV;PE€;RETIRAR;0,18;LV
6818;SUBST EMENDA DE COND MT PROTEGIDO LV;PE€;INSTALAR;0,42;LV
6818;SUBST EMENDA DE COND MT PROTEGIDO LV;PE€;RETIRAR;0,18;LV
6819;SUBST ESPACADOR LOSAN RD MT COMP LV;PE€;INSTALAR;0,32;LV
6819;SUBST ESPACADOR LOSAN RD MT COMP LV;PE€;RETIRAR;0,13;LV
6821;SUBST ESTAI CRUZETA LV;PE€;INSTALAR;1,05;LV
6821;SUBST ESTAI CRUZETA LV;PE€;RETIRAR;0,45;LV
6823;SUBST ISOLADOR DISCO LV;PE€;INSTALAR;0,37;LV
6823;SUBST ISOLADOR DISCO LV;PE€;RETIRAR;0,16;LV
6827;SUBST ISOLADOR PILAR PILAR LV;PE€;INSTALAR;0,37;LV
6827;SUBST ISOLADOR PILAR PILAR LV;PE€;RETIRAR;0,16;LV
6824;SUBST ISOLADOR PINO FIM REDE LV;PE€;INSTALAR;0,32;LV
6824;SUBST ISOLADOR PINO FIM REDE LV;PE€;RETIRAR;0,13;LV
6825;SUBST ISOLADOR PINO PILAR LV;PE€;INSTALAR;0,37;LV
6825;SUBST ISOLADOR PINO PILAR LV;PE€;RETIRAR;0,16;LV
6826;SUBST ISOLADOR PINO TANGENTE LV;PE€;INSTALAR;0,32;LV
6826;SUBST ISOLADOR PINO TANGENTE LV;PE€;RETIRAR;0,13;LV
6828;SUBST MAO FRANCESA LV;PE€;INSTALAR;0,34;LV
6828;SUBST MAO FRANCESA LV;PE€;RETIRAR;0,14;LV
6102;SUBST PARA-RAIO RD <34,5KV LV;PE€;INSTALAR;0,37;LV
6102;SUBST PARA-RAIO RD <34,5KV LV;PE€;RETIRAR;0,16;LV
6829;SUBST PORTA FUSIVEL LV;PE€;INSTALAR;0,25;LV
6829;SUBST PORTA FUSIVEL LV;PE€;RETIRAR;0,1;LV
6830;SUBST TERMINAL CHAVE FACA LV;PE€;INSTALAR;0,32;LV
6830;SUBST TERMINAL CHAVE FACA LV;PE€;RETIRAR;0,13;LV
6151;DESLOC EQUIP PESADA ACIMA 50 KM DA BASE;KM;INSTALAR;0,06;LV
67000;MOBILIZA€ÇO E DESMOBILIZA€ÇO EQUIPE;UNID.;INSTALAR;6;LV
4595;ALTERA€ÇO DE US - ITEM A SER UTILIZADO PARA PAGAMENTO DA DIFEREN€A NA MEDI€ÇO DE MÇO DE OBRA QUANDO HOUVER AJUSTE NO VALOR DA US.;UNID.;INSTALAR;;LV
26376;SERV. EMERG. FORA DO HORARIO COMERCIAL-ADICIONAL 30%;UNID.;INSTALAR;;LV
60163;VISITA IMPRODUTIVA - SEM ATUA€ÇO;UNID.;INSTALAR;;LV
92525;SERV. EMERG. HORARIO COMERCIAL - ADICIONAL 12%;UNID.;INSTALAR;;LV
;;;;;
;;;;;
;;;;;
;;;;;
;;;;;
;;;;;
;;;;;
Nota: As atividades sem valores, ser  inserido o valor de R$1,00, pois sÆo atividades que nÆo estÆo relacionadas ao valor da UPS e sim ao servi‡o realizado;;;;;
e medido.;;;;;
;;;;;
PROTOCOLO DE ASSINATURA(S);;;;;
O documento acima foi proposto para assinatura digital na plataforma Energisa Suprimentos. Para verificar as assinaturas clique no link: https://suprimentos-energisa2.portaldeassinaturas.com.br/Verificar/70DD- 4AFF-EEB3-E93F ou v  at‚ o site https://suprimentos-energisa2.portaldeassinaturas.com.br:443 e utilize o c¢digo abaixo para verificar se este documento ‚ v lido.;;;;;
C¢digo para verifica‡Æo: 70DD-4AFF-EEB3-E93F;;;;;
;;;;;
Hash do Documento;;;;;
D309EF62A9C6A5A82EC670EBE9B59CB7DBBC5DC5858F101E4980F7594054E600;;;;;
O(s) nome(s) indicado(s) para assinatura, bem como seu(s) status em 27/06/2024 ‚(sÆo) :;;;;;
;;;;;
Albino Da Veiga (Signat rio - ENGELETRICA ASSESSORIA PROJETOS E CONSTRUCAO LTDA) - 161.786.029-87  em 27/06/2024 17:09 UTC-03:00;;;;;
Tipo: Certificado Digital;;;;;
;;;;;
Giselle Prima Galvao (Parte - JURÖDICO CONTRATANTE) - 027.162.601-17  em 27/06/2024 16:08 UTC-03:00;;;;;
Tipo: Certificado Digital;;;;;
;;;;;
Luciano Vogell Dutra (Testemunha) - 666.693.241-20 em 27/06/2024 10:50 UTC-03:00;;;;;
Tipo: Assinatura Eletr“nica;;;;;
Identifica‡ao: Por email: luciano.vogel@energisa.com;;;;;
Evidˆncias;;;;;
Client Timestamp Thu Jun 27 2024 09:50:02 GMT-0400 (Hor rio PadrÆo do Amazonas);;;;;
Geolocation Latitude: -15.598605 Longitude: -56.092015 Accuracy: 14;;;;;
IP 163.116.230.117;;;;;
Hash Evidˆncias:;;;;;
01968399610D42E5DAE8E0168F59205A1F54E6B334C8695D023B3A235750270A;;;;;
;;;;;
Larissa Campos Pinto (Testemunha - CONTRATA€ÇO DE SERVI€OS - CORPORATIVO) - 064.259.796-07  em 20/06/2024 15:13 UTC-03:00;;;;;
Tipo: Certificado Digital;;;;;
;;;;;
Fabricio Sampaio Medeiros (Parte - ENERGISA) - 834.664.953-34 Pendente;;;;;
Tipo: Certificado Digital;;;;;
;;;;;
Gabriel Alves Pereira Junior - 595.161.007-91 Pendente;;;;;
Tipo: Certificado Digital;;;;;
